fold,iou,conf_type,v1_only,v1+v2
1,0.55,avg,0.5176,0.5495
1,0.55,box_and_model_avg,0.5176,0.5517
1,0.55,max,0.5215,0.5337
1,0.7,avg,0.5196,0.5549
1,0.7,box_and_model_avg,0.5196,0.555
1,0.7,max,0.5198,0.5304
1,0.8,avg,0.5198,0.5526
1,0.8,box_and_model_avg,0.5198,0.5527
1,0.8,max,0.5198,0.5274
2,0.55,avg,0.4753,0.4996
2,0.55,box_and_model_avg,0.4753,0.5014
2,0.55,max,0.5087,0.5123
2,0.7,avg,0.5031,0.5224
2,0.7,box_and_model_avg,0.5031,0.5225
2,0.7,max,0.5025,0.506
2,0.8,avg,0.5033,0.5254
2,0.8,box_and_model_avg,0.5033,0.5255
2,0.8,max,0.5025,0.5027
