image_id,gt_class,pred_class,conf,x1,y1,x2,y2
12_20260826_065018.jpg,3,5,0.9642617702484132,25,114,103,242
231_20260829_141529.jpg,0,6,0.963416576385498,5,197,47,262
12_20260826_165009.jpg,2,5,0.958517611026764,278,152,348,269
231_20260825_103528.jpg,3,6,0.9577082991600036,201,170,243,258
231_20260825_171031.jpg,0,6,0.957402765750885,78,167,119,229
214_20260825_201607.jpg,0,6,0.956045150756836,174,216,212,287
1437_20260826_094619.jpg,3,0,0.955470621585846,232,219,281,288
214_20260827_104107.jpg,0,6,0.955095648765564,110,223,147,287
231_20260826_144529.jpg,0,6,0.9537566304206848,113,180,151,276
12_20260829_175508.jpg,0,6,0.9529621005058287,97,191,170,287
182_20260825_191109.jpg,2,3,0.9524054527282716,218,172,254,257
182_20260825_060113.jpg,2,5,0.9509585499763488,199,217,236,287
231_20260828_193529.jpg,0,6,0.9494490027427672,37,177,80,247
182_20260831_070110.jpg,3,5,0.9473374485969543,192,140,211,184
182_20260826_184107.jpg,3,5,0.9473212361335754,186,168,215,230
1437_20260828_071116.jpg,3,2,0.947136163711548,133,81,160,136
180_20260831_171106.jpg,5,0,0.9465358853340148,156,171,183,237
214_20260825_164611.jpg,0,6,0.9449454545974731,122,192,150,253
12_20260826_162009.jpg,0,6,0.9444445967674256,293,165,352,276
214_20260831_083606.jpg,3,5,0.9444167613983154,193,142,225,212
214_20260831_083606.jpg,2,5,0.9444167613983154,193,142,225,212
231_20260825_124030.jpg,0,6,0.9440067410469056,197,155,231,227
232_20260826_105535.jpg,0,4,0.9431800842285156,187,88,198,114
1437_20260831_113117.jpg,5,0,0.9424363374710084,116,152,151,222
12_20260831_170508.jpg,3,5,0.9422985315322876,272,139,327,228
12_20260831_170508.jpg,0,5,0.9422985315322876,272,139,327,228
1437_20260825_174120.jpg,3,2,0.94040709733963,158,62,181,120
182_20260831_130104.jpg,3,5,0.9400116205215454,309,148,344,188
12_20260826_132008.jpg,0,6,0.9397355914115906,127,108,175,193
12_20260827_135009.jpg,0,5,0.9394069314002992,109,142,173,281
222_20260827_134607.jpg,5,0,0.9392773509025574,129,203,156,260
214_20260827_165608.jpg,0,6,0.9389058947563172,176,235,207,287
182_20260831_120105.jpg,2,3,0.938212752342224,194,132,217,182
222_20260830_161625.jpg,6,3,0.9379705190658568,164,141,182,177
231_20260827_114029.jpg,0,6,0.937821090221405,119,93,140,126
222_20260825_185108.jpg,3,0,0.9377667903900146,97,187,125,239
214_20260825_161608.jpg,5,3,0.9371975660324096,172,69,182,88
1066_20260831_092603.jpg,0,5,0.9368028044700624,9,106,42,155
1066_20260831_092603.jpg,3,5,0.9368028044700624,9,106,42,155
222_20260831_081106.jpg,6,0,0.9367601275444032,174,209,204,272
180_20260826_134106.jpg,3,0,0.9365038871765136,189,134,216,184
232_20260825_063529.jpg,5,0,0.9362179040908812,56,182,107,260
1426_20260828_173622.jpg,7,3,0.9351872205734252,267,178,322,254
1407_20260828_122500.jpg,2,0,0.9346965551376344,112,257,166,288
1426_20260828_180644.jpg,7,3,0.934545874595642,267,178,322,254
180_20260827_151104.jpg,6,0,0.9343652725219728,196,161,232,238
1426_20260826_111620.jpg,6,0,0.9342944025993348,303,227,352,288
12_20260827_175009.jpg,3,5,0.934278964996338,104,132,168,261
214_20260829_163611.jpg,0,6,0.9340790510177612,166,162,190,215
12_20260828_084508.jpg,0,5,0.9336836338043212,216,99,248,157
214_20260828_122611.jpg,0,5,0.9335583448410034,116,171,149,262
231_20260828_190529.jpg,0,6,0.9333906769752502,196,146,227,199
1426_20260828_170622.jpg,7,3,0.9333200454711914,263,171,324,251
1407_20260825_144500.jpg,3,0,0.9331968426704408,212,175,235,225
182_20260829_170608.jpg,6,0,0.932407796382904,269,168,313,211
1407_20260827_172000.jpg,3,0,0.932173490524292,191,140,208,167
182_20260828_083106.jpg,3,0,0.931984841823578,149,233,180,288
172_20260828_143607.jpg,6,0,0.9309892654418944,112,183,151,272
1066_20260831_153145.jpg,0,6,0.9309240579605104,141,88,172,141
1407_20260829_165000.jpg,2,5,0.9309181571006776,210,158,240,214
244_20260826_142000.jpg,5,0,0.9307912588119508,149,148,179,229
222_20260831_181109.jpg,6,0,0.930710792541504,207,230,251,288
214_20260828_135609.jpg,3,6,0.9303942918777466,192,130,214,166
214_20260828_135609.jpg,0,6,0.9303942918777466,194,132,214,166
1066_20260825_161106.jpg,7,3,0.9303303956985474,190,100,220,181
1407_20260828_065500.jpg,3,0,0.930118978023529,188,155,207,189
214_20260825_134609.jpg,2,5,0.9300753474235536,170,141,197,208
231_20260825_124030.jpg,2,5,0.929936945438385,122,81,143,113
182_20260825_134110.jpg,6,3,0.9296266436576844,186,123,204,167
1066_20260825_191604.jpg,6,3,0.9295063614845276,131,41,154,79
182_20260825_070604.jpg,3,0,0.9295015931129456,227,189,256,242
231_20260826_144529.jpg,3,5,0.9284453988075256,109,96,133,135
214_20260826_094612.jpg,0,3,0.928171932697296,121,180,149,284
12_20260831_063008.jpg,0,5,0.9278663992881776,217,111,255,182
12_20260831_063008.jpg,3,5,0.9278663992881776,217,111,255,182
1426_20260831_164120.jpg,7,3,0.927294373512268,252,168,296,231
1426_20260828_183622.jpg,7,3,0.9268842935562134,257,172,305,246
12_20260828_081508.jpg,0,4,0.926773190498352,239,161,276,236
214_20260828_155609.jpg,3,0,0.9266321659088136,198,145,222,185
214_20260830_130107.jpg,3,0,0.9264119863510132,190,134,211,169
12_20260828_134508.jpg,0,6,0.9263611435890198,66,101,116,179
12_20260825_074007.jpg,2,5,0.9259642958641052,108,92,161,186
231_20260830_104529.jpg,3,0,0.9259386658668518,23,179,56,227
1066_20260828_060603.jpg,3,0,0.9256868958473206,153,71,176,113
232_20260831_060037.jpg,5,0,0.9254885911941528,67,195,118,270
1066_20260829_073106.jpg,7,3,0.9254763126373292,195,90,226,157
214_20260831_093607.jpg,3,0,0.9254283308982848,200,162,228,209
12_20260827_085008.jpg,2,5,0.9251366257667542,246,96,280,148
12_20260827_085008.jpg,3,5,0.9251366257667542,246,96,280,148
182_20260825_144109.jpg,6,3,0.9248151779174804,196,167,222,226
231_20260828_063528.jpg,3,0,0.9247859120368958,161,107,181,140
1407_20260826_175501.jpg,0,5,0.9246129989624025,211,139,227,173
1407_20260829_115000.jpg,0,5,0.9246020913124084,217,176,245,238
231_20260827_161029.jpg,3,0,0.9243149161338806,195,132,220,180
1426_20260830_150620.jpg,7,2,0.9238990545272828,291,196,352,287
231_20260827_141029.jpg,3,0,0.92380553483963,67,188,112,262
12_20260827_155008.jpg,3,0,0.9236187934875488,269,136,312,192
229_20260831_171031.jpg,3,0,0.923325538635254,105,140,143,196
231_20260828_150530.jpg,3,0,0.9232519268989564,195,142,225,198
214_20260825_091608.jpg,5,3,0.9230098724365234,144,78,155,104
214_20260831_063112.jpg,3,0,0.9230083227157592,160,125,178,157
182_20260831_070110.jpg,2,0,0.9225175380706788,231,182,264,241
182_20260831_070110.jpg,3,0,0.9225175380706788,231,182,264,241
182_20260826_101108.jpg,3,5,0.9224218130111694,207,140,231,182
182_20260825_144109.jpg,6,3,0.9220960140228271,243,204,286,288
182_20260830_083108.jpg,3,5,0.9219686985015868,196,99,208,117
1066_20260826_161605.jpg,3,0,0.9218665957450868,10,96,41,127
1407_20260827_085000.jpg,0,5,0.9218566417694092,212,168,238,221
222_20260825_175108.jpg,6,0,0.9214902520179749,195,183,219,220
1437_20260831_120117.jpg,6,0,0.9213785529136658,182,134,206,186
214_20260825_091608.jpg,3,0,0.9213016629219056,161,131,178,164
214_20260829_113609.jpg,5,0,0.9207810163497924,198,150,227,204
214_20260828_082606.jpg,0,6,0.9207215309143066,164,134,184,175
231_20260831_124529.jpg,0,6,0.92070472240448,107,110,131,142
214_20260828_082606.jpg,3,0,0.920586109161377,190,133,209,165
214_20260829_083112.jpg,0,5,0.9204421639442444,164,158,186,213
12_20260825_155009.jpg,0,6,0.9201757311820984,144,86,175,128
12_20260829_165509.jpg,0,6,0.9195166826248168,147,89,181,135
12_20260826_095008.jpg,0,5,0.9195085763931274,72,100,119,169
1066_20260826_144604.jpg,0,6,0.9194837808609008,110,86,143,133
180_20260831_151105.jpg,3,0,0.9193052649497986,126,122,145,159
214_20260827_114609.jpg,3,0,0.9188510179519652,135,127,152,160
214_20260825_174608.jpg,3,0,0.918380618095398,192,147,221,193
172_20260826_174608.jpg,6,0,0.91835218667984,158,208,193,287
222_20260830_074106.jpg,6,0,0.918213963508606,322,179,352,203
1427_20260825_164122.jpg,3,0,0.918076753616333,227,184,279,285
231_20260827_121028.jpg,0,5,0.9176273345947266,0,214,39,288
231_20260827_101029.jpg,3,4,0.9173637628555298,163,68,172,91
222_20260831_201109.jpg,6,0,0.9172617197036744,81,197,115,249
229_20260825_173531.jpg,0,4,0.9172301292419434,109,112,125,137
1426_20260831_184121.jpg,7,3,0.9172095656394958,244,161,278,210
222_20260826_095128.jpg,3,0,0.916963756084442,170,163,189,197
232_20260825_150529.jpg,5,0,0.9155442118644714,155,209,196,287
1426_20260827_094119.jpg,3,1,0.9152008295059204,26,86,63,172
1437_20260830_093617.jpg,3,0,0.9150156378746032,194,98,212,122
231_20260830_171533.jpg,3,0,0.9147170186042786,196,135,226,189
1426_20260830_154133.jpg,7,3,0.9146149754524232,252,165,295,228
1426_20260829_173622.jpg,7,3,0.9146071076393129,229,149,253,186
222_20260829_184608.jpg,6,3,0.9146050810813904,154,121,169,161
222_20260831_154126.jpg,6,3,0.9144350290298462,168,123,180,155
214_20260825_164611.jpg,3,0,0.9144089221954346,137,128,155,163
1066_20260825_070604.jpg,0,5,0.9143580794334412,2,121,38,169
231_20260829_101528.jpg,3,0,0.914153814315796,164,112,185,153
180_20260830_191609.jpg,6,0,0.9141093492507936,192,159,235,231
222_20260830_081106.jpg,6,0,0.9139351844787598,322,179,352,202
180_20260831_161105.jpg,3,0,0.9137998819351196,186,117,209,156
12_20260825_175008.jpg,0,5,0.9136548638343812,127,99,170,181
1066_20260829_090603.jpg,7,4,0.9136187434196472,10,85,41,123
231_20260831_081528.jpg,0,3,0.9133989214897156,160,182,199,287
12_20260830_163511.jpg,3,2,0.9133044481277466,96,65,179,233
231_20260827_111029.jpg,0,5,0.9132827520370485,0,215,40,288
1066_20260830_193106.jpg,5,0,0.9132735729217528,17,69,46,101
180_20260827_181104.jpg,3,0,0.9126672744750975,152,103,170,131
214_20260828_105617.jpg,3,0,0.9126251935958862,170,138,190,176
232_20260831_060037.jpg,5,0,0.9125980138778688,82,132,115,170
229_20260827_173531.jpg,5,0,0.9125082492828368,44,226,111,287
180_20260830_134604.jpg,5,0,0.9119319915771484,184,141,211,192
1426_20260829_183622.jpg,7,3,0.9119128584861756,244,160,279,216
244_20260825_161000.jpg,5,0,0.9116173386573792,0,157,36,211
229_20260826_143531.jpg,5,0,0.9114607572555542,126,115,153,160
222_20260827_154607.jpg,6,0,0.9114140868186952,137,194,164,243
1066_20260829_163608.jpg,3,6,0.9107426404953004,115,59,144,113
214_20260828_155609.jpg,3,0,0.9107049703598022,106,130,127,165
1066_20260829_153608.jpg,6,0,0.9105665683746338,115,71,146,114
1427_20260825_201123.jpg,3,0,0.9103262424468994,138,199,224,287
231_20260826_071032.jpg,6,0,0.9101707935333252,82,154,119,221
222_20260825_192108.jpg,5,0,0.9098758697509766,120,216,148,288
231_20260826_064029.jpg,3,0,0.9097058773040771,160,114,181,161
12_20260826_155009.jpg,0,5,0.9096471071243286,73,96,122,166
1407_20260831_111500.jpg,0,5,0.9093159437179564,214,159,239,206
1066_20260826_174606.jpg,6,0,0.9092180728912354,149,78,176,126
1426_20260828_153621.jpg,0,6,0.9089605808258056,249,220,289,264
1407_20260825_191501.jpg,3,0,0.9088667035102844,204,129,219,150
1427_20260827_164620.jpg,2,3,0.9088417887687684,177,79,190,100
12_20260828_064507.jpg,0,5,0.908661127090454,231,67,250,95
229_20260827_173531.jpg,0,4,0.9086196422576904,53,124,80,155
1426_20260830_090619.jpg,2,3,0.9086117148399352,169,131,182,157
1407_20260831_145000.jpg,0,3,0.9081978797912598,194,152,215,198
222_20260829_104608.jpg,6,3,0.908186972141266,120,133,137,160
1066_20260829_153608.jpg,3,0,0.9081445336341858,162,52,179,78
1427_20260827_151619.jpg,5,3,0.9081198573112488,176,170,217,251
231_20260831_061028.jpg,0,6,0.9079857468605042,12,185,62,259
214_20260831_173609.jpg,3,0,0.9079430103302002,164,132,182,166
232_20260826_130028.jpg,5,0,0.9077713489532472,10,177,58,247
232_20260825_063529.jpg,6,3,0.9076961278915404,78,116,117,168
180_20260825_201108.jpg,6,0,0.9070828557014464,154,147,179,205
231_20260831_151530.jpg,2,3,0.9069458842277528,168,64,192,129
232_20260831_100028.jpg,6,0,0.9067518711090088,57,149,102,205
214_20260829_163611.jpg,3,0,0.906619429588318,189,128,209,163
214_20260829_183610.jpg,3,0,0.9063835740089417,137,137,153,170
12_20260828_154508.jpg,0,5,0.90630304813385,90,82,134,145
12_20260831_090508.jpg,0,5,0.906233847141266,98,76,137,131
232_20260831_170529.jpg,6,0,0.906140923500061,216,198,254,287
222_20260828_121116.jpg,6,0,0.90583997964859,168,167,190,208
1066_20260831_112604.jpg,0,6,0.905832052230835,120,74,149,115
214_20260826_144608.jpg,3,2,0.9058040976524352,170,58,184,86
244_20260828_141500.jpg,5,0,0.905781388282776,14,150,54,207
222_20260829_161609.jpg,3,0,0.905722200870514,141,165,159,197
214_20260826_131608.jpg,0,5,0.9056652784347534,133,120,152,164
222_20260830_101107.jpg,6,0,0.905549943447113,323,180,352,204
12_20260831_083008.jpg,3,5,0.905364751815796,95,82,132,136
12_20260831_083008.jpg,0,5,0.905364751815796,95,82,132,136
1427_20260831_154150.jpg,3,0,0.9046502113342284,230,209,284,287
222_20260829_151609.jpg,5,0,0.903975248336792,124,164,146,210
222_20260828_064106.jpg,6,0,0.9038965106010436,136,165,157,202
222_20260830_061106.jpg,6,0,0.9038763642311096,318,179,350,202
1066_20260829_093604.jpg,0,5,0.9035723209381104,191,101,224,166
232_20260826_143529.jpg,5,0,0.9030833840370178,9,179,58,246
1426_20260830_164131.jpg,6,3,0.9026772975921632,189,191,218,233
231_20260826_151531.jpg,0,6,0.9025171399116516,87,111,111,142
232_20260826_140529.jpg,5,0,0.9022405743598938,9,181,58,246
231_20260830_114528.jpg,3,5,0.9020569324493408,160,111,181,159
1066_20260826_114604.jpg,6,0,0.9019363522529602,148,76,176,125
214_20260825_071824.jpg,3,0,0.9019343256950378,99,143,123,187
214_20260826_161609.jpg,2,3,0.9017303586006165,160,91,178,137
231_20260831_071028.jpg,0,6,0.9017079472541808,159,192,196,287
232_20260826_153529.jpg,5,0,0.9016567468643188,0,192,50,262
222_20260829_141607.jpg,6,3,0.9016410708427428,132,117,145,136
182_20260827_183607.jpg,0,4,0.9016261696815492,189,114,198,128
1066_20260829_100604.jpg,3,0,0.9014337062835692,159,47,177,75
232_20260826_133529.jpg,5,0,0.9013466835021972,9,180,59,246
12_20260831_193508.jpg,5,0,0.9013186693191528,250,106,289,170
222_20260825_084107.jpg,3,0,0.9011681079864502,168,160,183,186
1426_20260831_154145.jpg,0,6,0.9006128311157227,227,162,247,183
1437_20260829_171118.jpg,3,0,0.9005144238471985,142,88,160,116
214_20260825_091608.jpg,3,0,0.8999438881874084,191,139,214,178
222_20260827_164607.jpg,6,0,0.8997132778167725,133,182,156,223
182_20260826_184107.jpg,3,2,0.8995260000228882,203,103,226,138
231_20260827_114029.jpg,0,5,0.8994069695472717,0,212,39,288
222_20260828_171108.jpg,6,0,0.8992879986763,129,180,153,224
231_20260826_144529.jpg,0,6,0.8992487788200378,0,223,32,287
1426_20260829_163623.jpg,7,3,0.8992348909378052,256,169,310,246
1066_20260830_160118.jpg,6,0,0.8992131948471069,136,44,155,70
1437_20260825_114116.jpg,5,3,0.8990455865859985,168,108,196,172
222_20260830_144608.jpg,3,0,0.8979656100273132,117,149,133,173
1407_20260830_202001.jpg,6,0,0.897940456867218,138,206,172,287
231_20260828_180547.jpg,0,6,0.897858738899231,119,71,134,87
214_20260829_170611.jpg,3,0,0.8978246450424194,174,118,192,145
182_20260828_143105.jpg,6,0,0.8976825475692749,161,177,186,229
222_20260828_154107.jpg,3,0,0.897598385810852,117,146,133,168
232_20260826_163529.jpg,5,0,0.8970838785171509,0,192,50,261
231_20260827_141029.jpg,0,5,0.8970149755477905,20,175,56,225
232_20260829_123029.jpg,1,4,0.8969089984893799,222,155,246,207
1437_20260828_171118.jpg,0,3,0.8967632055282593,158,92,176,122
244_20260825_084000.jpg,5,0,0.8967205286026001,33,123,67,169
12_20260828_094511.jpg,0,3,0.8967185020446777,76,73,124,168
214_20260829_143610.jpg,0,5,0.89668208360672,166,177,197,256
232_20260830_133528.jpg,6,0,0.8963794708251953,0,223,29,287
222_20260827_111609.jpg,3,0,0.8963623642921448,117,145,135,169
182_20260826_071116.jpg,3,2,0.896287739276886,201,99,223,133
222_20260830_144608.jpg,6,3,0.8962618708610535,151,105,162,129
12_20260825_101508.jpg,3,5,0.8961910605430603,165,45,187,88
1437_20260828_114124.jpg,3,0,0.8961784243583679,189,86,204,105
222_20260831_191109.jpg,6,0,0.8961606621742249,198,192,229,249
229_20260827_180531.jpg,0,4,0.8961462378501892,53,124,80,155
214_20260830_160617.jpg,3,2,0.8958913683891296,171,63,186,93
231_20260830_141529.jpg,0,6,0.8957191705703735,15,255,50,288
229_20260829_100531.jpg,0,4,0.8956365585327148,166,91,175,108
222_20260829_091609.jpg,6,3,0.8956273794174194,117,129,138,164
1066_20260829_140606.jpg,6,0,0.8955888152122498,61,145,121,252
232_20260826_173530.jpg,6,0,0.8955745697021484,55,163,100,221
222_20260828_104110.jpg,6,3,0.895533561706543,149,104,160,120
180_20260826_184107.jpg,5,0,0.8953120112419128,184,158,220,226
222_20260831_131107.jpg,6,0,0.8952427506446838,166,157,185,190
182_20260828_183105.jpg,3,5,0.8951352834701538,194,163,220,216
222_20260830_071106.jpg,6,0,0.8948469161987305,321,181,352,204
1066_20260831_183105.jpg,3,0,0.8947266340255737,128,55,151,87
12_20260831_080007.jpg,0,5,0.8947005867958069,126,131,180,237
1426_20260831_191121.jpg,7,2,0.8946859836578369,278,191,352,276
244_20260827_111500.jpg,3,0,0.8946709036827087,36,130,65,168
1426_20260828_170622.jpg,7,3,0.8946475982666016,235,154,266,197
214_20260829_103606.jpg,0,3,0.8945635557174683,171,187,207,288
222_20260830_091106.jpg,6,0,0.89452064037323,322,178,352,201
232_20260829_130029.jpg,5,0,0.8944053649902344,151,111,175,157
214_20260826_191609.jpg,0,1,0.8943798542022705,171,248,202,288
1426_20260831_174120.jpg,7,3,0.8940718770027161,245,159,279,210
222_20260826_142107.jpg,6,0,0.894059956073761,120,141,135,163
172_20260829_174107.jpg,3,5,0.8939367532730103,198,94,215,126
214_20260825_121607.jpg,3,0,0.8938388824462891,71,103,89,123
232_20260826_170529.jpg,5,0,0.8937732577323914,147,124,172,173
232_20260827_093028.jpg,6,0,0.893679141998291,65,121,101,161
1437_20260827_151617.jpg,2,3,0.893616795539856,175,40,188,65
229_20260828_070033.jpg,3,0,0.8935306668281555,122,124,150,159
244_20260825_154000.jpg,5,0,0.8931679129600525,57,90,85,124
1066_20260825_111104.jpg,3,0,0.8930560946464539,146,41,163,65
12_20260828_124509.jpg,2,5,0.8928887844085693,137,38,159,73
222_20260830_094107.jpg,6,0,0.892689049243927,323,178,352,201
244_20260826_125000.jpg,5,0,0.8926871418952942,23,134,60,185
182_20260826_144107.jpg,3,2,0.8925848603248596,199,95,220,126
222_20260829_174607.jpg,3,0,0.8922155499458313,174,145,188,167
1426_20260828_153621.jpg,3,0,0.8920133709907532,282,218,319,257
172_20260828_120713.jpg,3,0,0.8919975161552429,172,136,191,177
12_20260828_154508.jpg,3,2,0.8919639587402344,222,54,255,103
214_20260831_080109.jpg,3,0,0.8918901681900024,137,122,154,153
12_20260826_115008.jpg,3,2,0.891484797000885,204,47,225,88
222_20260830_074106.jpg,3,0,0.8912935256958008,166,149,179,170
214_20260826_191609.jpg,3,0,0.891219973564148,182,103,196,124
1427_20260831_154150.jpg,5,3,0.8910951018333435,215,141,245,189
214_20260828_175611.jpg,0,3,0.8910816311836243,164,165,195,247
182_20260830_160614.jpg,6,0,0.8910775780677795,171,160,192,201
182_20260828_113115.jpg,6,0,0.8907122611999512,191,217,228,288
244_20260830_111500.jpg,3,0,0.8906478881835938,145,74,162,100
12_20260829_145008.jpg,3,2,0.8891571164131165,209,61,248,131
172_20260829_164108.jpg,5,0,0.8890901207923889,187,119,206,149
180_20260826_171107.jpg,5,0,0.8889439702033997,123,114,145,162
214_20260831_090606.jpg,0,6,0.8884619474411011,85,151,116,214
231_20260827_124034.jpg,0,5,0.8884432315826416,86,90,106,114
229_20260825_103530.jpg,7,6,0.8883523344993591,53,122,87,153
180_20260831_101104.jpg,0,3,0.8882160186767578,138,55,149,81
244_20260826_060500.jpg,3,0,0.8878639936447144,27,122,66,170
12_20260825_125009.jpg,3,5,0.8878469467163086,282,132,340,251
231_20260828_063528.jpg,3,0,0.8877562880516052,113,112,134,147
1427_20260830_104620.jpg,6,0,0.887652575969696,178,92,192,108
12_20260828_121509.jpg,0,3,0.8872383832931519,134,84,176,179
214_20260828_112615.jpg,3,0,0.8871694207191467,165,112,181,141
232_20260825_063529.jpg,3,0,0.886823296546936,126,116,153,148
222_20260825_172108.jpg,5,0,0.8867701292037964,215,233,250,288
232_20260828_062528.jpg,3,0,0.8867470026016235,131,105,154,134
12_20260825_064008.jpg,3,5,0.8866097927093506,235,202,313,287
1426_20260826_144620.jpg,5,0,0.886519730091095,293,76,352,243
214_20260828_092612.jpg,3,0,0.8863187432289124,136,127,155,164
231_20260826_094531.jpg,0,5,0.8861533999443054,0,200,41,269
182_20260827_163608.jpg,0,1,0.8857516050338745,286,168,323,197
12_20260829_122010.jpg,3,0,0.8855870366096497,114,74,143,106
1066_20260830_090104.jpg,2,5,0.8855505585670471,20,56,55,110
1426_20260828_173622.jpg,7,3,0.885319709777832,236,153,268,200
222_20260829_154608.jpg,6,0,0.8848599791526794,164,151,180,184
214_20260828_132724.jpg,3,0,0.884647786617279,165,130,183,165
222_20260825_091107.jpg,6,0,0.8845148682594299,325,179,351,203
182_20260825_161107.jpg,6,0,0.8839242458343506,256,169,302,215
222_20260826_132107.jpg,3,0,0.883694589138031,172,137,184,156
12_20260825_182008.jpg,3,6,0.8834198117256165,119,64,146,95
231_20260825_063529.jpg,3,0,0.8833661079406738,158,94,175,125
1427_20260826_071137.jpg,0,3,0.8832192420959473,212,121,235,149
12_20260828_131511.jpg,3,6,0.8832128047943115,271,152,321,220
12_20260828_131511.jpg,0,6,0.8832128047943115,271,152,321,221
182_20260831_180106.jpg,3,0,0.8831533193588257,217,151,237,181
180_20260825_094104.jpg,0,3,0.8830727338790894,123,114,146,163
222_20260830_064107.jpg,6,0,0.8830381631851196,317,180,349,203
244_20260827_121500.jpg,1,4,0.8828430771827698,171,87,191,116
232_20260826_160529.jpg,5,0,0.8827852010726929,0,191,50,261
182_20260830_160614.jpg,6,0,0.8826601505279541,317,152,344,183
214_20260830_190607.jpg,0,6,0.8825753927230835,124,156,147,209
222_20260830_104107.jpg,6,0,0.8823764324188232,323,178,351,202
222_20260831_074106.jpg,6,0,0.8823161125183105,116,149,134,171
244_20260828_184501.jpg,2,0,0.8820086717605591,118,132,148,185
1407_20260825_104000.jpg,3,5,0.8820011615753174,220,198,253,271
244_20260827_104500.jpg,3,0,0.8819937109947205,0,149,21,188
231_20260828_070528.jpg,3,5,0.8819220662117004,110,101,135,145
222_20260825_131113.jpg,6,0,0.8818915486335754,324,181,352,202
232_20260829_123029.jpg,5,0,0.8812676668167114,0,193,49,262
222_20260831_171109.jpg,3,0,0.8808286786079407,164,136,177,156
12_20260825_081008.jpg,3,5,0.8808239698410034,217,114,251,171
12_20260825_081008.jpg,0,5,0.8808239698410034,217,114,251,171
1426_20260829_194122.jpg,7,3,0.8807267546653748,223,146,247,183
1407_20260829_205001.jpg,6,0,0.8806420564651489,181,182,205,238
232_20260827_173029.jpg,3,0,0.8805891275405884,163,93,179,118
1426_20260826_151622.jpg,5,0,0.8805226683616638,293,76,352,244
1407_20260826_102500.jpg,0,5,0.8805106282234192,159,150,181,197
1437_20260825_144120.jpg,3,2,0.8804245591163635,142,65,164,110
229_20260831_114031.jpg,3,0,0.880177915096283,122,100,142,122
231_20260831_114528.jpg,3,2,0.8801506161689758,111,63,136,97
244_20260826_182001.jpg,5,0,0.8799594640731812,152,196,186,287
1426_20260828_193620.jpg,7,3,0.8798253536224365,234,157,257,192
1427_20260829_204620.jpg,6,0,0.8796368837356567,162,109,181,128
231_20260826_134529.jpg,3,2,0.8795844316482544,131,42,147,65
180_20260826_141127.jpg,3,0,0.8795256018638611,153,106,170,136
244_20260828_202001.jpg,6,0,0.8794043064117432,154,193,187,278
229_20260831_161031.jpg,3,0,0.8791295289993286,140,96,156,118
1426_20260831_171120.jpg,7,3,0.8786585927009583,251,168,295,231
180_20260827_174105.jpg,3,0,0.8786493539810181,137,80,150,100
222_20260829_161609.jpg,3,0,0.8784340023994446,167,135,178,152
222_20260825_141109.jpg,6,0,0.8783159852027893,323,182,352,203
214_20260829_133610.jpg,3,0,0.8782542943954468,187,126,204,156
244_20260827_114500.jpg,2,0,0.8781473636627197,128,125,154,169
244_20260827_114500.jpg,3,0,0.8781473636627197,128,125,154,169
1066_20260825_161106.jpg,0,6,0.8777971863746643,210,72,246,100
244_20260827_144500.jpg,4,0,0.877742350101471,167,69,179,92
222_20260826_135107.jpg,3,0,0.8776837587356567,168,133,179,150
231_20260827_131028.jpg,3,5,0.8776700496673584,86,90,106,114
231_20260827_131028.jpg,0,5,0.8776700496673584,86,90,106,114
180_20260831_124104.jpg,3,0,0.8774171471595764,173,79,187,100
180_20260827_100609.jpg,3,0,0.8771834373474121,140,67,151,82
1437_20260830_083616.jpg,3,0,0.8766695261001587,180,58,194,74
231_20260826_064029.jpg,6,0,0.8766263723373413,127,129,154,185
1426_20260830_090619.jpg,6,0,0.8765377402305603,202,188,228,222
12_20260825_155009.jpg,3,5,0.8765109777450562,14,98,58,145
12_20260825_155009.jpg,0,5,0.8765109777450562,14,98,58,144
214_20260828_082606.jpg,3,0,0.8763782978057861,142,105,155,126
232_20260830_110029.jpg,6,0,0.8762481212615967,219,169,251,247
12_20260828_101509.jpg,0,5,0.8759716749191284,55,104,114,195
222_20260831_144112.jpg,3,0,0.8758257031440735,181,139,196,162
12_20260830_140509.jpg,3,4,0.8757683038711548,212,80,224,107
214_20260826_204609.jpg,0,6,0.8757537603378296,208,193,251,270
1437_20260826_081616.jpg,5,0,0.8756303787231445,177,76,190,98
214_20260830_133109.jpg,3,0,0.8752048015594482,162,118,180,150
244_20260825_134000.jpg,3,0,0.8746923208236694,0,132,28,177
182_20260830_133607.jpg,5,0,0.8745383620262146,159,208,190,288
1427_20260827_174621.jpg,6,0,0.8739597201347351,184,89,194,102
1426_20260829_180621.jpg,7,3,0.873680830001831,255,170,305,242
222_20260831_114107.jpg,3,0,0.8735366463661194,164,124,175,142
222_20260826_155110.jpg,3,2,0.8734821677207947,170,96,182,117
180_20260828_063604.jpg,3,0,0.8730616569519043,154,76,165,92
180_20260829_163608.jpg,0,6,0.8730003237724304,111,191,142,274
182_20260830_140607.jpg,5,0,0.8725755214691162,291,161,329,198
12_20260829_112010.jpg,3,0,0.8721910715103149,167,53,185,80
244_20260829_121500.jpg,3,0,0.8721707463264465,16,113,45,148
232_20260828_062528.jpg,6,0,0.8718426823616028,73,137,112,185
214_20260831_090606.jpg,6,0,0.8716554641723633,188,116,205,144
182_20260826_071116.jpg,3,0,0.8714885711669922,172,137,188,165
231_20260825_154031.jpg,3,2,0.87129807472229,162,65,188,122
1066_20260827_151104.jpg,6,4,0.871131956577301,31,56,53,87
244_20260826_162000.jpg,3,6,0.8707392811775208,145,128,206,288
172_20260829_204109.jpg,3,0,0.8706927299499512,201,109,219,133
1427_20260830_071622.jpg,7,3,0.870582640171051,133,166,214,288
1427_20260828_064118.jpg,6,0,0.870135486125946,184,100,197,116
182_20260829_153107.jpg,3,0,0.8700703382492065,200,123,214,141
1427_20260827_154620.jpg,6,0,0.8700242042541504,119,120,145,146
231_20260825_134033.jpg,0,1,0.8698549270629883,155,208,170,261
222_20260828_174107.jpg,3,0,0.869662880897522,165,121,177,139
1066_20260828_080603.jpg,0,1,0.8694309592247009,0,143,11,173
12_20260831_080007.jpg,3,5,0.8692193031311035,151,77,185,138
12_20260831_080007.jpg,0,5,0.8692193031311035,151,77,185,138
12_20260831_180508.jpg,5,7,0.8687454462051392,29,91,77,134
12_20260830_160513.jpg,3,0,0.8687225580215454,156,33,170,48
182_20260829_173607.jpg,6,0,0.8685846328735352,300,155,337,191
222_20260827_131607.jpg,6,0,0.8685024380683899,165,138,181,164
231_20260828_140530.jpg,3,6,0.8683617115020752,0,219,34,288
180_20260830_171609.jpg,0,5,0.8682873845100403,138,200,172,287
229_20260830_181533.jpg,5,0,0.8681239485740662,119,112,150,160
214_20260830_133109.jpg,3,0,0.8679912090301514,198,151,226,203
214_20260826_071615.jpg,0,5,0.8679025769233704,162,131,180,172
1066_20260829_140606.jpg,3,2,0.8677738308906555,183,15,199,44
222_20260825_124110.jpg,6,0,0.8677194118499756,324,181,352,203
229_20260831_161031.jpg,0,4,0.8673769235610962,82,106,101,128
12_20260825_175008.jpg,0,7,0.8672797083854675,0,120,32,162
1066_20260826_151605.jpg,3,0,0.8666176199913025,92,42,110,59
231_20260830_191529.jpg,0,6,0.8665145635604858,191,129,215,171
172_20260829_171107.jpg,3,5,0.866294801235199,198,94,215,126
182_20260827_120604.jpg,5,0,0.8659979104995728,253,168,301,219
214_20260828_203107.jpg,5,0,0.8658252954483032,191,131,220,179
214_20260825_081607.jpg,3,0,0.8657128810882568,165,106,180,132
214_20260831_090606.jpg,0,3,0.8656251430511475,163,139,187,206
12_20260825_094008.jpg,5,2,0.8653650283813477,117,46,152,104
214_20260826_144608.jpg,3,0,0.8653237223625183,63,94,81,111
244_20260831_161000.jpg,6,0,0.8646593689918518,36,119,71,160
1407_20260830_104500.jpg,0,3,0.8645760416984558,188,122,203,151
180_20260831_134105.jpg,0,3,0.864529013633728,127,108,147,146
1426_20260831_191121.jpg,7,3,0.864414632320404,227,149,248,186
1066_20260827_131104.jpg,6,0,0.8640056848526001,32,64,54,90
244_20260829_121500.jpg,3,0,0.8639464378356934,60,95,86,125
12_20260827_125008.jpg,2,3,0.8638795018196106,83,176,169,286
12_20260827_142008.jpg,3,0,0.8637872934341431,143,43,159,63
231_20260826_174529.jpg,0,5,0.863645076751709,130,70,146,95
222_20260827_184608.jpg,3,0,0.8634592890739441,123,129,138,151
214_20260825_164611.jpg,3,0,0.8633852601051331,129,91,141,109
244_20260826_195001.jpg,5,0,0.8633834719657898,138,242,173,288
222_20260826_162108.jpg,3,0,0.8633337020874023,162,141,176,166
182_20260828_073108.jpg,3,0,0.8632268309593201,215,143,235,173
214_20260826_134608.jpg,5,0,0.8631536364555359,81,93,95,109
1066_20260828_173605.jpg,0,6,0.8631327152252197,200,69,234,100
222_20260831_081106.jpg,6,0,0.8622713088989258,148,116,159,132
214_20260831_170610.jpg,3,0,0.8620798587799072,147,78,157,94
244_20260830_061500.jpg,6,0,0.8619296550750732,2,139,33,181
12_20260831_063008.jpg,3,0,0.8619066476821899,179,25,189,38
222_20260831_171109.jpg,3,0,0.8618872165679932,181,127,193,142
182_20260827_103604.jpg,6,0,0.8616162538528442,259,169,306,209
172_20260825_181109.jpg,3,0,0.8610617518424988,199,94,212,115
1427_20260828_074119.jpg,6,0,0.8607532978057861,190,89,199,103
1407_20260831_104500.jpg,3,0,0.8605725169181824,188,126,201,144
1407_20260830_064500.jpg,2,3,0.860517680644989,209,158,273,288
1407_20260825_144500.jpg,0,6,0.8601759672164917,140,203,173,281
244_20260828_131500.jpg,0,3,0.8601685762405396,107,157,149,237
1426_20260828_150621.jpg,6,3,0.8599854111671448,227,180,260,223
244_20260825_121000.jpg,3,0,0.8599534034729004,147,68,162,93
1427_20260827_134119.jpg,6,0,0.8598171472549438,180,91,190,105
232_20260830_170530.jpg,6,0,0.8595660328865051,178,124,202,175
222_20260826_095128.jpg,6,0,0.8595372438430786,119,144,134,168
214_20260830_103107.jpg,0,4,0.8594103455543518,161,81,168,93
180_20260828_093611.jpg,3,0,0.8590822219848633,163,54,173,69
172_20260825_084106.jpg,3,0,0.8590173721313477,199,91,211,111
214_20260825_181610.jpg,3,0,0.8589598536491394,141,102,155,128
244_20260828_144500.jpg,3,0,0.8587485551834106,147,61,160,80
12_20260830_203509.jpg,3,0,0.8586972951889038,129,58,150,85
222_20260831_124107.jpg,6,3,0.858558714389801,154,95,160,108
1426_20260829_130623.jpg,6,3,0.858469545841217,192,146,207,175
1426_20260831_191121.jpg,7,3,0.8584495782852173,244,160,283,210
222_20260825_094107.jpg,6,0,0.8584211468696594,326,178,352,202
12_20260827_095008.jpg,5,3,0.8582493662834167,159,58,184,112
214_20260827_145111.jpg,3,0,0.8581083416938782,109,122,128,153
222_20260827_181607.jpg,3,0,0.8579630851745605,184,140,197,156
1427_20260825_074120.jpg,3,6,0.8576001524925232,169,141,197,191
1427_20260825_074120.jpg,0,6,0.8576001524925232,169,141,197,191
172_20260825_181109.jpg,3,0,0.8569047451019287,192,124,212,164
222_20260826_135107.jpg,6,0,0.8566094040870667,128,129,139,149
180_20260827_171105.jpg,3,0,0.8564164638519287,123,124,145,171
222_20260826_135107.jpg,6,0,0.8563302755355835,147,118,158,138
244_20260829_175001.jpg,5,0,0.8562583327293396,134,94,155,130
12_20260827_125008.jpg,3,0,0.8560791015625,147,42,163,62
231_20260829_134529.jpg,3,0,0.855712890625,84,76,111,110
244_20260829_165000.jpg,5,0,0.8557093143463135,67,164,112,242
222_20260831_154126.jpg,3,0,0.8557032942771912,137,108,145,120
232_20260830_183530.jpg,6,0,0.8550891876220703,217,159,248,231
244_20260827_091500.jpg,3,0,0.8550665378570557,164,80,182,122
12_20260826_065018.jpg,6,0,0.8550414443016052,84,72,106,94
1427_20260825_111119.jpg,6,0,0.8547812104225159,154,96,168,109
180_20260827_144105.jpg,0,3,0.8547746539115906,163,89,181,125
222_20260826_142107.jpg,6,3,0.8547149896621704,164,93,170,105
214_20260830_193607.jpg,2,0,0.85393226146698,102,140,122,176
222_20260828_141107.jpg,5,3,0.853274405002594,192,140,211,175
1066_20260826_164605.jpg,0,4,0.8532449007034302,33,71,54,100
12_20260829_092008.jpg,3,0,0.8530591130256653,154,37,169,55
172_20260827_124308.jpg,3,0,0.8527575135231018,152,107,168,131
1066_20260825_194605.jpg,0,1,0.8526949882507324,3,111,16,139
180_20260826_181107.jpg,3,0,0.8526296615600586,155,124,178,174
1426_20260829_060129.jpg,6,0,0.8524090051651001,186,153,197,169
182_20260829_065608.jpg,4,1,0.8522927761077881,294,157,323,190
231_20260830_154531.jpg,3,2,0.8521401882171631,158,34,167,53
12_20260831_093508.jpg,2,3,0.8521185517311096,172,24,190,51
180_20260827_154105.jpg,6,0,0.852026641368866,201,189,243,265
229_20260825_173531.jpg,3,4,0.8518357276916504,83,106,101,128
244_20260826_095000.jpg,3,0,0.8518357276916504,42,88,65,112
1426_20260826_144620.jpg,0,3,0.851694643497467,260,0,302,50
12_20260830_133508.jpg,0,5,0.8516050577163696,117,63,145,103
12_20260826_162009.jpg,0,4,0.8515340685844421,262,113,286,145
232_20260826_170529.jpg,2,3,0.8508144021034241,171,67,184,95
12_20260828_141509.jpg,0,7,0.8503779172897339,46,91,78,122
12_20260828_141509.jpg,3,7,0.8503779172897339,46,91,78,122
222_20260825_134112.jpg,6,0,0.8500259518623352,324,181,352,202
231_20260827_164029.jpg,3,5,0.8499134182929993,113,88,132,118
214_20260831_100607.jpg,0,3,0.8492447137832642,161,76,172,100
214_20260830_163626.jpg,0,6,0.8491950631141663,164,137,183,176
214_20260830_163626.jpg,3,6,0.8491950631141663,164,137,183,176
1066_20260827_134104.jpg,3,0,0.8491311073303223,120,67,145,109
172_20260825_154108.jpg,6,0,0.8486937880516052,208,140,251,176
1427_20260828_091127.jpg,6,0,0.8486804366111755,182,86,192,100
244_20260831_171001.jpg,4,0,0.8486168384552002,32,131,56,171
231_20260827_101029.jpg,2,5,0.8483471870422363,0,208,34,288
12_20260830_140509.jpg,3,0,0.8481029272079468,170,17,179,29
12_20260827_175009.jpg,3,0,0.8480528593063354,159,29,169,41
1066_20260831_102604.jpg,7,3,0.8477140069007874,169,11,178,27
1427_20260827_161620.jpg,3,0,0.8474728465080261,209,94,221,112
232_20260830_160535.jpg,6,0,0.8471097946166992,218,171,252,252
1427_20260829_084622.jpg,6,0,0.8470832705497742,181,94,194,110
244_20260826_142000.jpg,5,0,0.8465784788131714,51,106,79,142
1066_20260826_171604.jpg,0,4,0.8463975191116333,0,107,13,143
232_20260830_113029.jpg,6,0,0.8460527658462524,219,169,251,247
232_20260831_153608.jpg,1,4,0.84592205286026,65,137,89,173
172_20260826_111607.jpg,3,0,0.8454790115356445,164,134,185,182
12_20260830_095008.jpg,3,0,0.8454640507698059,147,77,175,117
182_20260827_100609.jpg,5,0,0.84544438123703,323,142,352,181
12_20260831_133509.jpg,3,0,0.8454117178916931,135,49,154,72
229_20260825_180534.jpg,3,4,0.8449869751930237,83,105,101,128
12_20260825_185008.jpg,3,0,0.8449422121047974,171,49,187,70
244_20260827_131500.jpg,5,0,0.8447788953781128,74,69,90,90
229_20260827_203531.jpg,4,0,0.8434062600135803,53,124,80,156
180_20260831_081104.jpg,5,3,0.8430836200714111,157,109,177,148
1426_20260831_181120.jpg,7,2,0.8429126739501953,240,190,323,288
231_20260829_084528.jpg,6,0,0.8426980972290039,88,90,107,112
12_20260826_092008.jpg,5,0,0.8425136208534241,275,132,319,200
1066_20260830_203104.jpg,0,5,0.8423399329185486,106,203,162,286
12_20260828_175008.jpg,0,5,0.8422577381134033,132,105,178,184
244_20260829_175001.jpg,5,0,0.8422155380249023,1,129,31,163
1407_20260831_081500.jpg,0,3,0.8421202898025513,187,126,202,153
244_20260827_201501.jpg,6,0,0.8419764637947083,161,100,182,151
214_20260825_194608.jpg,0,2,0.8419265747070312,68,192,106,275
12_20260825_155009.jpg,0,5,0.84175705909729,122,130,175,231
172_20260829_141107.jpg,3,0,0.8413485884666443,201,105,214,126
1426_20260829_180621.jpg,7,3,0.8411073684692383,230,152,254,186
1426_20260828_150621.jpg,0,3,0.8410165905952454,202,172,224,200
180_20260828_163607.jpg,3,0,0.8406640887260437,186,138,215,197
182_20260825_164108.jpg,0,6,0.8402692675590515,253,170,295,213
1437_20260831_100119.jpg,3,0,0.8399264216423035,148,57,158,73
12_20260831_163508.jpg,3,2,0.8397948145866394,204,49,225,86
214_20260830_083110.jpg,5,0,0.8395536541938782,131,121,149,162
1426_20260831_144125.jpg,6,0,0.8388009667396545,223,150,237,173
12_20260825_195009.jpg,5,0,0.8385964035987854,246,90,273,136
232_20260825_080532.jpg,3,0,0.8384174704551697,58,185,119,268
1427_20260827_121119.jpg,6,0,0.8381280303001404,209,93,220,103
1066_20260829_163608.jpg,3,0,0.8381269574165344,164,38,177,61
12_20260829_092008.jpg,3,0,0.8379062414169312,178,25,189,42
222_20260831_084106.jpg,6,0,0.8378650546073914,190,145,208,169
232_20260825_181029.jpg,6,0,0.8377129435539246,191,74,203,93
244_20260826_142000.jpg,5,0,0.8373119235038757,136,44,149,60
1426_20260828_143621.jpg,6,0,0.8367338180541992,233,164,253,187
1066_20260826_064610.jpg,0,6,0.8358535766601562,209,72,245,99
231_20260826_174529.jpg,3,2,0.835608959197998,107,51,130,84
244_20260828_184501.jpg,2,0,0.8356075882911682,104,101,131,133
244_20260828_154500.jpg,6,0,0.8354924321174622,58,181,107,261
1427_20260826_134620.jpg,6,0,0.8352756500244141,156,98,167,109
214_20260827_165608.jpg,0,3,0.8352340459823608,160,58,167,74
231_20260830_171533.jpg,3,0,0.83516526222229,128,80,143,99
229_20260828_113032.jpg,3,0,0.8350460529327393,54,126,85,155
180_20260828_143606.jpg,0,3,0.835033655166626,144,102,160,138
229_20260827_200531.jpg,4,0,0.8349549770355225,53,124,80,156
1427_20260827_124412.jpg,6,0,0.8349339365959167,209,93,220,103
244_20260825_144000.jpg,0,5,0.8346773982048035,26,97,55,129
1437_20260829_194119.jpg,5,0,0.8346495032310486,147,41,158,51
1066_20260830_073106.jpg,7,3,0.8343520164489746,207,168,249,288
232_20260829_200529.jpg,6,0,0.8341707587242126,149,60,161,72
232_20260830_130528.jpg,6,0,0.8337332606315613,219,169,251,247
231_20260825_063529.jpg,2,3,0.8334800004959106,177,64,207,135
244_20260825_151000.jpg,6,0,0.8333716988563538,158,156,186,215
180_20260827_151104.jpg,5,0,0.8333637714385986,213,244,255,288
1407_20260826_152500.jpg,5,0,0.8333588242530823,189,109,200,136
244_20260831_121000.jpg,0,5,0.8327957987785339,114,146,148,214
1437_20260828_091124.jpg,5,3,0.832793653011322,126,74,147,106
1427_20260826_151622.jpg,6,3,0.8326752185821533,187,135,220,204
1426_20260825_141121.jpg,0,3,0.8321136832237244,226,30,307,241
222_20260828_091114.jpg,6,0,0.8321018815040588,8,177,31,204
244_20260829_182001.jpg,5,2,0.8319754004478455,17,116,52,166
232_20260826_065039.jpg,3,0,0.831564724445343,185,109,205,149
172_20260825_174109.jpg,5,3,0.8311794400215149,175,91,188,118
12_20260828_084508.jpg,0,6,0.831139862537384,161,78,189,123
12_20260828_091510.jpg,0,5,0.8306657671928406,126,117,177,209
1407_20260828_092500.jpg,3,0,0.830380380153656,171,122,183,140
12_20260829_062007.jpg,6,0,0.829619824886322,107,78,142,124
222_20260827_121609.jpg,6,0,0.8295456767082214,172,159,193,198
231_20260826_164529.jpg,0,6,0.8294059038162231,123,62,135,77
1407_20260829_085000.jpg,0,3,0.8293273448944092,185,134,201,167
232_20260827_113028.jpg,2,0,0.8292582631111145,136,69,153,90
1426_20260829_204122.jpg,7,3,0.82887864112854,191,145,211,178
229_20260830_101031.jpg,3,6,0.8288760781288147,73,110,102,138
12_20260826_185009.jpg,2,0,0.8287948966026306,75,67,98,96
1426_20260828_180644.jpg,7,3,0.8284134864807129,236,153,269,201
229_20260825_133534.jpg,3,2,0.8279094099998474,126,74,151,107
12_20260829_162508.jpg,3,0,0.8278546333312988,145,39,161,59
172_20260831_151107.jpg,3,5,0.8277642726898193,184,82,196,108
222_20260827_184608.jpg,3,0,0.8272531032562256,143,139,156,161
232_20260831_080028.jpg,6,0,0.8271304965019226,110,134,143,175
214_20260829_062606.jpg,0,3,0.8268406987190247,148,59,157,73
12_20260829_142008.jpg,3,6,0.8266924023628235,155,66,180,112
1426_20260829_170623.jpg,7,3,0.826611340045929,257,169,309,243
1437_20260831_173117.jpg,6,3,0.8260644674301147,141,77,160,110
1426_20260831_204122.jpg,7,3,0.8259676098823547,242,158,282,218
12_20260829_155508.jpg,6,0,0.8259368538856506,170,44,185,63
244_20260828_131500.jpg,6,0,0.8259218335151672,54,196,103,286
1426_20260831_154145.jpg,0,6,0.8257965445518494,237,216,275,258
12_20260828_104511.jpg,3,7,0.8257585763931274,112,35,157,100
182_20260828_133115.jpg,4,1,0.8255813121795654,291,158,322,192
1427_20260826_071137.jpg,0,3,0.8248878717422485,216,149,248,196
1426_20260829_103619.jpg,6,0,0.8240519165992737,144,201,175,245
1427_20260826_131620.jpg,6,0,0.8234584927558899,209,92,220,104
244_20260829_165000.jpg,3,0,0.823333740234375,126,71,141,90
232_20260830_133528.jpg,0,3,0.8230310082435608,205,74,218,96
1437_20260830_103618.jpg,6,0,0.822849452495575,149,65,162,84
1066_20260827_171105.jpg,3,0,0.8228220343589783,177,66,203,104
1437_20260827_204756.jpg,2,3,0.8227475881576538,170,47,186,75
229_20260831_081030.jpg,3,0,0.8227447271347046,159,97,176,123
229_20260830_144031.jpg,0,6,0.8226665258407593,0,184,42,232
214_20260828_115617.jpg,3,0,0.8222473859786987,165,92,177,113
1427_20260828_161620.jpg,0,3,0.8220493793487549,223,151,253,195
1066_20260831_153145.jpg,4,5,0.8219530582427979,120,210,161,288
12_20260827_125008.jpg,3,0,0.8218552470207214,173,43,189,64
1426_20260829_190620.jpg,7,2,0.8217806816101074,244,160,284,215
1427_20260827_114120.jpg,6,0,0.8216832876205444,210,93,220,103
180_20260828_170607.jpg,0,6,0.8216525912284851,156,132,178,176
232_20260825_143529.jpg,3,0,0.8214797377586365,121,80,142,99
214_20260829_173609.jpg,3,0,0.8211169838905334,181,103,196,125
180_20260831_171106.jpg,5,0,0.820715606212616,171,69,182,88
214_20260826_061117.jpg,3,0,0.8206552267074585,140,101,153,123
214_20260827_134607.jpg,6,0,0.8205667734146118,56,101,75,120
1426_20260828_123630.jpg,6,0,0.8202754855155945,168,144,178,157
12_20260825_091008.jpg,2,3,0.8201863169670105,157,60,189,137
214_20260831_120609.jpg,0,3,0.8201524615287781,160,83,172,105
214_20260831_120609.jpg,0,3,0.8201524615287781,160,84,172,105
12_20260827_132013.jpg,3,0,0.8197355270385742,183,20,192,30
214_20260829_100607.jpg,3,0,0.81960529088974,186,107,206,130
229_20260827_123553.jpg,5,3,0.8195788860321045,119,118,156,183
214_20260828_175611.jpg,0,3,0.8187207579612732,115,94,133,135
214_20260828_142609.jpg,0,6,0.8184362053871155,170,214,205,287
182_20260829_110106.jpg,3,0,0.8184236288070679,192,109,204,125
222_20260829_164609.jpg,6,0,0.8180209994316101,133,118,143,132
1427_20260827_154620.jpg,6,0,0.8179664015769958,218,121,237,147
229_20260828_160531.jpg,0,4,0.8175464868545532,84,106,102,128
231_20260830_101529.jpg,0,6,0.8175389170646667,0,231,30,288
214_20260826_194610.jpg,3,0,0.817202627658844,192,133,215,177
232_20260828_153030.jpg,3,0,0.817162036895752,74,138,108,183
232_20260830_120530.jpg,6,3,0.8170609474182129,219,169,251,247
214_20260825_161608.jpg,0,6,0.8163142800331116,136,177,167,261
1427_20260825_070619.jpg,0,6,0.8155083656311035,213,109,232,139
244_20260827_091500.jpg,6,0,0.8153528571128845,137,87,156,117
232_20260829_083029.jpg,6,3,0.8151221871376038,178,54,189,79
1066_20260825_164106.jpg,3,2,0.8150140643119812,179,15,194,38
1437_20260831_060125.jpg,6,0,0.8147685527801514,191,78,220,100
12_20260828_141509.jpg,0,4,0.8146430850028992,205,57,213,72
172_20260828_180630.jpg,2,3,0.8139706254005432,168,64,185,90
12_20260826_115008.jpg,3,0,0.8139657378196716,160,57,183,90
232_20260825_100528.jpg,6,0,0.8139266967773438,141,89,162,116
232_20260825_100528.jpg,6,0,0.8139266967773438,141,89,162,116
1437_20260829_151117.jpg,0,3,0.8135406374931335,163,71,177,105
214_20260828_105617.jpg,0,3,0.81349116563797,145,67,154,87
1407_20260830_081500.jpg,5,3,0.8133417963981628,178,101,189,122
172_20260831_081106.jpg,3,0,0.8131558299064636,165,74,175,92
1426_20260828_190622.jpg,7,3,0.812889575958252,257,174,305,246
1427_20260825_060126.jpg,3,0,0.8124877214431763,191,79,199,88
214_20260827_141607.jpg,3,0,0.8122071027755737,195,143,218,184
232_20260828_082528.jpg,2,3,0.812078595161438,159,66,174,88
12_20260827_152008.jpg,0,3,0.8116422295570374,235,77,254,113
214_20260826_101613.jpg,3,0,0.8115548491477966,194,108,224,136
244_20260831_144000.jpg,6,0,0.8111832141876221,1,144,35,191
12_20260827_182009.jpg,3,0,0.8107799291610718,178,30,190,46
12_20260830_065007.jpg,6,0,0.8105766177177429,167,34,181,52
1427_20260827_171620.jpg,7,3,0.8103349804878235,91,110,143,169
182_20260829_113104.jpg,0,1,0.8101243376731873,318,107,333,122
214_20260827_134607.jpg,4,0,0.8097398281097412,154,58,160,68
244_20260828_124500.jpg,4,0,0.8097109794616699,102,120,121,160
229_20260829_183531.jpg,0,4,0.8095970749855042,83,106,101,128
1066_20260828_163605.jpg,2,3,0.808912992477417,20,40,52,91
12_20260826_065018.jpg,6,0,0.8084770441055298,242,100,275,136
12_20260828_074508.jpg,3,5,0.8083494305610657,210,83,232,128
1427_20260826_191620.jpg,6,3,0.8075128197669983,185,120,203,148
214_20260827_155110.jpg,3,2,0.8069077134132385,172,57,187,84
180_20260828_160606.jpg,6,0,0.8068159818649292,157,168,188,239
1066_20260827_101104.jpg,6,0,0.8064001202583313,107,19,121,33
244_20260827_114500.jpg,5,0,0.8060699701309204,113,85,137,122
214_20260826_151609.jpg,3,0,0.8056695461273193,145,82,155,99
231_20260826_101533.jpg,0,5,0.8056442737579346,0,200,41,269
172_20260830_144107.jpg,3,0,0.8053390383720398,174,99,188,128
12_20260829_075007.jpg,2,5,0.8052998185157776,62,73,89,103
12_20260829_075007.jpg,2,5,0.8052998185157776,62,72,89,103
1066_20260829_073106.jpg,6,0,0.8049066066741943,146,31,161,50
182_20260830_100104.jpg,6,3,0.8046681880950928,270,167,309,201
1426_20260831_161120.jpg,7,3,0.8045755624771118,185,133,203,153
182_20260826_064108.jpg,0,3,0.8044238686561584,196,100,208,117
244_20260831_081000.jpg,6,0,0.8038132786750793,61,82,82,106
244_20260828_202001.jpg,4,0,0.8036179542541504,122,132,143,186
231_20260828_163529.jpg,3,5,0.8036165237426758,151,102,197,233
182_20260827_110604.jpg,4,1,0.80357426404953,301,155,328,186
182_20260828_133115.jpg,3,5,0.8035618662834167,182,104,197,133
182_20260829_090107.jpg,3,0,0.8032354712486267,207,148,228,182
172_20260829_131106.jpg,3,0,0.8032315373420715,153,116,171,151
229_20260830_104030.jpg,3,6,0.8031151294708252,73,110,101,138
232_20260825_181029.jpg,5,0,0.8029158711433411,154,91,177,127
229_20260825_153532.jpg,3,2,0.8023648858070374,129,75,148,102
232_20260825_090533.jpg,6,0,0.8021417260169983,52,158,99,219
180_20260827_131104.jpg,0,3,0.8020824193954468,133,139,158,197
229_20260827_153531.jpg,0,4,0.8020403385162354,53,124,80,154
244_20260826_105000.jpg,6,0,0.80191969871521,104,103,130,139
1426_20260831_114119.jpg,5,3,0.8018364310264587,188,153,203,177
1427_20260827_154620.jpg,6,0,0.8015621900558472,180,149,213,220
12_20260828_084508.jpg,0,6,0.8008876442909241,107,74,141,114
1426_20260830_154133.jpg,7,2,0.8007785677909851,292,198,352,288
244_20260825_071000.jpg,5,0,0.8004467487335205,72,74,91,96
222_20260825_121107.jpg,6,0,0.8001146912574768,323,182,351,204
214_20260830_093108.jpg,0,6,0.799734354019165,208,117,231,136
12_20260825_162009.jpg,0,6,0.7996953725814819,265,126,304,181
1066_20260827_101104.jpg,0,3,0.7995896935462952,157,16,171,34
231_20260831_151530.jpg,0,1,0.7989357709884644,117,61,127,73
180_20260830_184609.jpg,6,0,0.7987110614776611,117,154,146,231
12_20260831_133509.jpg,0,1,0.7987015247344971,337,225,352,274
180_20260831_161105.jpg,5,0,0.7985682487487793,205,190,250,286
180_20260831_161105.jpg,3,0,0.7985682487487793,205,190,250,286
244_20260830_151500.jpg,6,0,0.7978984713554382,73,182,120,273
180_20260831_194107.jpg,3,6,0.7973824739456177,126,113,147,164
1427_20260826_101625.jpg,5,2,0.7971670031547546,157,105,179,135
214_20260831_183610.jpg,3,0,0.7969849705696106,181,97,194,115
1426_20260829_080618.jpg,0,5,0.7968757748603821,169,210,200,261
231_20260828_190529.jpg,4,0,0.795881450176239,104,81,118,100
232_20260830_103029.jpg,6,0,0.7953482270240784,219,169,251,247
231_20260826_064029.jpg,3,0,0.7951184511184692,140,87,157,120
232_20260830_203529.jpg,6,0,0.7938217520713806,68,134,98,167
214_20260826_174611.jpg,3,0,0.793379545211792,99,136,118,173
229_20260827_183531.jpg,0,4,0.7932555079460144,53,124,80,155
12_20260831_110508.jpg,3,0,0.79314786195755,184,18,192,30
12_20260825_094008.jpg,0,2,0.79310542345047,262,205,352,286
232_20260829_183529.jpg,6,0,0.7927141189575195,0,226,22,288
172_20260825_063611.jpg,5,3,0.7926204204559326,155,92,171,125
172_20260826_201607.jpg,4,0,0.7925431728363037,160,226,189,287
1426_20260831_154145.jpg,5,3,0.792415976524353,267,204,311,254
1426_20260829_194122.jpg,7,2,0.7921394109725952,244,161,284,215
232_20260830_153532.jpg,6,0,0.7913975119590759,218,171,250,251
12_20260827_152008.jpg,3,2,0.7911882400512695,200,40,212,57
214_20260831_173609.jpg,0,3,0.7902253270149231,222,229,267,287
12_20260830_163511.jpg,3,0,0.7901082038879395,153,39,167,61
232_20260825_113531.jpg,0,3,0.7892517447471619,205,68,217,88
1426_20260827_144120.jpg,6,0,0.7890936136245728,237,118,320,288
244_20260828_101500.jpg,6,0,0.7887210249900818,51,78,72,100
232_20260830_100028.jpg,6,0,0.7884413003921509,219,168,251,248
1066_20260826_151605.jpg,0,3,0.7884384393692017,189,32,202,51
12_20260828_151508.jpg,3,0,0.7883665561676025,163,57,185,92
222_20260828_111114.jpg,3,6,0.7881530523300171,171,217,204,283
1066_20260829_120604.jpg,3,0,0.7876461744308472,163,43,181,75
214_20260825_164611.jpg,3,0,0.7871124148368835,161,87,171,105
12_20260831_080007.jpg,3,0,0.7869566679000854,146,40,160,60
222_20260830_134607.jpg,6,0,0.7865927219390869,124,132,138,152
232_20260829_130029.jpg,6,0,0.7865203619003296,9,249,52,288
229_20260828_173531.jpg,3,5,0.7863786220550537,130,99,153,139
12_20260826_102013.jpg,0,5,0.7862262725830078,96,86,133,131
244_20260831_194001.jpg,0,2,0.7860245704650879,165,22,180,51
231_20260830_141529.jpg,3,6,0.7857182621955872,164,66,177,93
229_20260831_151031.jpg,0,4,0.785699188709259,82,106,100,128
182_20260829_083110.jpg,0,1,0.7856473326683044,315,105,333,124
172_20260830_191609.jpg,0,3,0.7856009006500244,202,112,218,138
1066_20260830_073106.jpg,2,5,0.7852756381034851,46,112,126,283
12_20260825_165008.jpg,0,5,0.7848935127258301,137,91,177,165
231_20260829_164529.jpg,3,0,0.7848303318023682,130,75,144,94
244_20260829_104500.jpg,3,0,0.7846320271492004,135,84,156,117
244_20260830_154500.jpg,3,0,0.7845821976661682,134,99,154,133
244_20260828_101500.jpg,6,0,0.7842354774475098,50,218,95,287
214_20260830_163626.jpg,3,0,0.7839946150779724,212,225,254,288
12_20260827_105008.jpg,3,0,0.7830510139465332,153,43,166,61
1066_20260826_084603.jpg,3,2,0.7822644114494324,171,8,184,26
244_20260826_112000.jpg,5,0,0.7822558283805847,169,23,182,34
232_20260831_123532.jpg,6,0,0.7819983959197998,206,81,219,105
231_20260829_151531.jpg,3,6,0.7817871570587158,106,88,124,109
1066_20260829_183604.jpg,7,3,0.7817111611366272,186,116,226,210
180_20260830_174610.jpg,3,0,0.7816582918167114,133,81,148,116
1427_20260828_181621.jpg,7,3,0.7814487218856812,159,85,173,106
214_20260826_101613.jpg,3,0,0.7813865542411804,36,143,54,169
214_20260827_195610.jpg,3,0,0.7813088297843933,196,135,221,187
222_20260831_184110.jpg,5,0,0.781195878982544,146,148,160,183
180_20260830_104104.jpg,0,3,0.7811458110809326,128,105,146,144
222_20260825_114107.jpg,6,0,0.7811232805252075,323,183,352,204
1407_20260827_112000.jpg,5,3,0.78104567527771,205,115,219,144
180_20260830_154616.jpg,0,3,0.7809947729110718,168,64,180,85
232_20260829_173029.jpg,6,0,0.7809395790100098,0,227,23,277
214_20260827_124808.jpg,0,3,0.780662477016449,163,111,180,146
214_20260831_080109.jpg,3,0,0.7805450558662415,165,101,178,123
232_20260829_153030.jpg,0,3,0.7805230021476746,160,207,201,287
222_20260830_104107.jpg,2,0,0.7804592847824097,163,91,170,100
244_20260831_091000.jpg,3,0,0.7804115414619446,116,82,138,111
1066_20260831_193105.jpg,7,5,0.7803893685340881,202,191,251,288
232_20260829_180529.jpg,6,0,0.7796305418014526,0,224,24,288
244_20260825_131000.jpg,3,5,0.7795179486274719,157,85,180,144
232_20260827_143029.jpg,3,0,0.7794765830039978,209,89,224,115
1426_20260830_154133.jpg,7,3,0.7793720364570618,236,156,260,198
222_20260825_111107.jpg,6,0,0.7792171835899353,325,179,351,204
231_20260826_101533.jpg,3,2,0.7788316011428833,111,72,141,117
12_20260829_152508.jpg,6,0,0.7786001563072205,165,44,182,70
222_20260829_111615.jpg,6,0,0.7780231237411499,130,118,144,132
12_20260830_085008.jpg,2,6,0.777978241443634,235,156,352,286
12_20260827_142008.jpg,3,0,0.7777315378189087,226,65,241,85
12_20260825_115008.jpg,3,6,0.7775614261627197,214,99,236,147
12_20260828_162008.jpg,3,6,0.7774703502655029,214,88,234,118
12_20260828_162008.jpg,0,6,0.7774703502655029,215,88,234,118
244_20260828_091500.jpg,4,1,0.7774590849876404,89,163,114,217
229_20260830_094030.jpg,3,6,0.7771350741386414,73,110,101,138
214_20260828_112615.jpg,3,0,0.7770977020263672,145,76,156,90
1066_20260831_193105.jpg,0,3,0.7768227458000183,38,155,106,286
1426_20260829_204122.jpg,7,3,0.7765954732894897,161,144,178,171
12_20260827_155008.jpg,3,0,0.7765752673149109,0,194,58,287
222_20260829_073607.jpg,0,3,0.7759777307510376,5,192,37,235
229_20260828_170531.jpg,4,0,0.7758796811103821,84,105,102,128
244_20260828_131500.jpg,0,6,0.7756072878837585,142,179,200,287
214_20260825_171608.jpg,3,0,0.7755347490310669,177,94,190,116
214_20260831_063112.jpg,3,0,0.7753859758377075,128,85,140,104
1437_20260828_064116.jpg,5,3,0.7748562097549438,217,162,267,273
1426_20260829_201122.jpg,7,3,0.7746211290359497,245,161,284,215
214_20260825_151608.jpg,3,0,0.7743497490882874,141,111,155,136
1066_20260828_120711.jpg,3,4,0.7734995484352112,0,86,21,119
180_20260829_180607.jpg,3,0,0.7734801769256592,132,84,147,115
231_20260826_164529.jpg,0,6,0.7725353837013245,114,98,137,126
244_20260826_112000.jpg,2,5,0.7724692821502686,55,76,83,109
1407_20260828_112500.jpg,0,6,0.772458553314209,197,264,228,288
214_20260828_115617.jpg,0,6,0.771840512752533,226,250,268,288
12_20260825_122008.jpg,0,6,0.7716383934020996,105,70,138,119
12_20260829_182508.jpg,0,5,0.7714088559150696,239,201,318,287
12_20260829_182508.jpg,2,5,0.7714088559150696,239,201,318,287
172_20260830_151607.jpg,4,1,0.7712620496749878,206,108,216,132
12_20260829_062007.jpg,3,2,0.7711855173110962,203,41,217,67
229_20260829_123533.jpg,0,4,0.7709364891052246,83,106,100,129
214_20260827_134607.jpg,0,3,0.7707562446594238,143,103,157,128
244_20260826_155000.jpg,3,2,0.7707001566886902,151,86,201,228
12_20260828_182008.jpg,3,6,0.7705005407333374,223,133,268,225
232_20260826_092528.jpg,6,0,0.7700361013412476,153,74,166,92
222_20260830_074106.jpg,5,0,0.7698994278907776,193,148,210,173
1427_20260831_114119.jpg,5,2,0.769823431968689,173,93,190,114
214_20260829_143610.jpg,3,0,0.7695559859275818,163,102,176,128
244_20260828_101500.jpg,3,2,0.7694380879402161,56,100,83,131
229_20260831_191031.jpg,0,4,0.7693341970443726,83,106,101,128
1066_20260829_170606.jpg,3,0,0.7692973017692566,162,47,179,77
1066_20260826_101609.jpg,0,3,0.7684556841850281,11,87,51,124
232_20260828_062528.jpg,6,0,0.7684044241905212,144,139,173,187
12_20260827_155008.jpg,3,6,0.76815265417099,309,191,352,287
214_20260830_080111.jpg,2,5,0.7679924368858337,116,109,160,247
222_20260830_131107.jpg,0,3,0.7675862908363342,168,109,178,128
244_20260826_122000.jpg,5,0,0.7673743367195129,57,69,79,91
1066_20260829_123606.jpg,5,3,0.7667157649993896,190,44,221,80
244_20260827_194501.jpg,0,5,0.7667111158370972,37,85,67,120
1437_20260828_141117.jpg,0,3,0.7662514448165894,165,94,182,122
1427_20260825_081119.jpg,6,0,0.766057014465332,210,91,220,103
244_20260830_141500.jpg,3,2,0.765866756439209,70,59,90,105
1426_20260829_090619.jpg,0,6,0.7656127214431763,189,157,204,177
229_20260825_170532.jpg,3,4,0.7648561000823975,83,105,102,128
231_20260826_081029.jpg,2,3,0.7646939754486084,155,40,165,53
1427_20260828_114126.jpg,6,0,0.7643336057662964,169,99,182,118
222_20260825_070607.jpg,3,5,0.7642627954483032,146,131,161,161
222_20260831_114107.jpg,6,0,0.7642368674278259,11,154,36,177
12_20260827_145009.jpg,3,0,0.7641561031341553,162,26,172,38
1427_20260828_071119.jpg,3,2,0.7637182474136353,209,85,226,115
229_20260828_070033.jpg,5,0,0.7636488676071167,103,112,129,145
1427_20260831_154150.jpg,0,6,0.7635977268218994,180,149,206,186
1427_20260830_071622.jpg,6,0,0.7634408473968506,147,100,168,120
244_20260827_131500.jpg,4,0,0.7633897066116333,138,97,153,130
1427_20260826_191620.jpg,3,2,0.7633452415466309,224,152,302,288
229_20260831_074030.jpg,6,0,0.7627270817756653,84,112,114,144
12_20260831_070008.jpg,3,0,0.7626875638961792,203,59,217,82
172_20260826_204607.jpg,5,0,0.7626516819000244,211,200,258,287
172_20260827_114107.jpg,4,1,0.7626485824584961,206,106,216,130
244_20260826_152000.jpg,2,5,0.7624682784080505,50,81,73,118
182_20260825_111104.jpg,6,0,0.7624579668045044,259,166,306,208
12_20260827_112008.jpg,0,5,0.7619367241859436,97,148,161,273
180_20260831_171106.jpg,0,3,0.7618750333786011,155,112,173,148
172_20260830_194609.jpg,0,3,0.7614269256591797,203,111,219,138
172_20260828_063606.jpg,2,3,0.7614049315452576,248,144,285,178
172_20260828_063606.jpg,5,3,0.7614049315452576,248,144,285,178
232_20260829_203529.jpg,6,0,0.761252760887146,0,224,24,284
244_20260830_111500.jpg,4,1,0.7611234784126282,0,169,19,212
1426_20260828_203620.jpg,7,3,0.7605669498443604,233,153,263,195
12_20260827_165009.jpg,0,5,0.7596059441566467,233,86,257,121
1066_20260829_100604.jpg,0,4,0.7594559788703918,90,49,104,67
1407_20260826_162500.jpg,0,3,0.7586936354637146,205,118,218,144
1066_20260826_191605.jpg,0,6,0.7586466670036316,117,68,144,106
1407_20260829_145000.jpg,3,0,0.7583621144294739,205,123,221,158
231_20260828_183529.jpg,2,7,0.7572932243347168,52,89,108,187
232_20260829_170030.jpg,6,0,0.7572061419487,0,227,22,288
180_20260831_121104.jpg,6,3,0.7568405270576477,178,97,197,130
214_20260827_091108.jpg,3,0,0.756824791431427,163,100,178,124
244_20260830_144500.jpg,6,0,0.7567710280418396,63,90,91,120
12_20260828_104511.jpg,3,0,0.7567594647407532,18,122,96,250
232_20260828_112530.jpg,6,0,0.7566101551055908,128,55,141,68
222_20260827_131607.jpg,3,0,0.7564080357551575,164,95,171,108
232_20260828_065528.jpg,5,0,0.7559149265289307,115,94,138,121
1426_20260829_100619.jpg,0,2,0.755560576915741,187,173,206,206
214_20260831_120609.jpg,3,0,0.7552807331085205,176,80,187,99
229_20260828_090031.jpg,0,3,0.7546839714050293,144,85,159,113
1437_20260831_123117.jpg,5,0,0.7540245652198792,166,61,179,80
1407_20260827_142000.jpg,5,2,0.7539219856262207,201,99,216,119
244_20260826_122000.jpg,5,0,0.7536202073097229,79,75,95,97
232_20260826_072036.jpg,5,0,0.7535971403121948,149,72,165,94
232_20260826_061537.jpg,3,0,0.7534907460212708,117,122,149,161
12_20260830_140509.jpg,0,5,0.7533866167068481,321,222,352,287
1066_20260831_092603.jpg,0,6,0.7528972625732422,208,71,253,99
1427_20260831_101119.jpg,2,3,0.7519700527191162,184,75,193,89
229_20260825_123531.jpg,3,0,0.7519615888595581,82,106,101,128
182_20260831_153150.jpg,0,6,0.7517935633659363,212,131,228,162
180_20260828_080604.jpg,0,3,0.7514122128486633,177,115,198,153
1407_20260825_144500.jpg,0,5,0.7509250044822693,174,132,191,166
12_20260829_165509.jpg,0,6,0.7496200799942017,214,87,241,132
214_20260825_171608.jpg,0,6,0.7495163083076477,163,123,181,156
222_20260829_114608.jpg,6,0,0.7494980096817017,132,114,145,133
232_20260829_200529.jpg,6,0,0.7487781047821045,0,224,25,287
1066_20260828_080603.jpg,0,6,0.748490571975708,159,48,177,76
244_20260825_134000.jpg,0,1,0.7480756044387817,0,204,7,229
231_20260829_154529.jpg,0,6,0.7475368976593018,119,69,133,87
12_20260831_060017.jpg,3,0,0.7466145157814026,175,30,189,55
232_20260831_070034.jpg,7,2,0.746027410030365,151,48,164,65
1426_20260829_163623.jpg,3,5,0.7459803819656372,202,148,215,171
12_20260828_151508.jpg,2,3,0.7456883788108826,131,28,161,73
1437_20260829_154118.jpg,5,0,0.7452886700630188,154,51,165,67
1407_20260828_072500.jpg,0,1,0.7450347542762756,163,165,171,185
12_20260825_064008.jpg,0,5,0.7445518374443054,150,66,179,112
12_20260825_064008.jpg,3,5,0.7445518374443054,150,66,179,112
229_20260828_180549.jpg,4,0,0.7445297837257385,84,106,103,125
229_20260825_133534.jpg,3,0,0.7441016435623169,83,106,101,128
12_20260827_092008.jpg,0,5,0.7438767552375793,131,123,179,211
1427_20260825_114119.jpg,6,0,0.7433645725250244,214,151,255,226
231_20260828_120629.jpg,3,2,0.7432988882064819,165,34,173,48
1066_20260826_164605.jpg,3,6,0.7432360649108887,145,29,160,52
222_20260831_204109.jpg,6,0,0.7430392503738403,167,141,184,169
12_20260825_091008.jpg,3,2,0.7427937984466553,205,53,228,89
231_20260826_174529.jpg,0,5,0.7424954175949097,130,235,166,287
180_20260829_123607.jpg,3,0,0.742295503616333,157,29,163,39
1426_20260831_161120.jpg,0,3,0.7416926622390747,217,147,234,165
1426_20260825_184125.jpg,7,3,0.7416053414344788,226,3,310,278
1407_20260825_194501.jpg,3,0,0.7410363554954529,204,111,217,139
1426_20260831_174120.jpg,2,3,0.7409448623657227,175,128,187,146
232_20260831_070034.jpg,6,0,0.7408239841461182,133,55,144,67
12_20260825_105008.jpg,3,0,0.7406854033470154,179,29,191,49
1407_20260826_092500.jpg,0,3,0.7406558990478516,186,130,202,163
214_20260831_090606.jpg,3,0,0.7402212619781494,133,130,151,170
1427_20260827_151619.jpg,6,0,0.7398658990859985,159,124,187,171
12_20260828_121509.jpg,0,6,0.7394139766693115,159,68,183,108
12_20260826_115008.jpg,3,0,0.7390278577804565,247,103,274,143
1407_20260826_112500.jpg,3,0,0.7382822632789612,157,154,177,207
244_20260826_115000.jpg,4,0,0.7382540702819824,71,211,101,274
172_20260828_090611.jpg,4,0,0.7373842597007751,178,68,184,78
1427_20260828_091127.jpg,6,0,0.7373576760292053,208,89,222,105
12_20260826_105013.jpg,3,2,0.7371692657470703,175,31,193,66
229_20260825_120531.jpg,3,4,0.7369648218154907,81,107,99,129
229_20260825_143531.jpg,3,0,0.7369642853736877,130,89,146,109
1407_20260825_101000.jpg,0,6,0.7369444966316223,163,152,183,189
1066_20260829_203604.jpg,6,0,0.7357866764068604,187,67,233,108
232_20260827_203029.jpg,6,3,0.7352765202522278,113,94,138,125
244_20260828_134500.jpg,6,0,0.73516845703125,101,182,144,273
232_20260828_170029.jpg,6,0,0.7350074052810669,136,73,153,91
12_20260828_104511.jpg,3,0,0.7350031733512878,249,95,277,140
244_20260825_184001.jpg,3,2,0.7342529296875,167,31,180,54
229_20260825_163532.jpg,3,4,0.7337307929992676,83,106,101,128
214_20260829_163611.jpg,3,0,0.7326975464820862,76,94,94,113
214_20260831_073109.jpg,0,3,0.7316879034042358,178,79,191,97
231_20260830_074528.jpg,2,3,0.7314227223396301,175,62,201,119
12_20260827_172008.jpg,0,6,0.7309210896492004,164,63,183,91
12_20260829_182508.jpg,3,0,0.7308059334754944,38,87,76,128
214_20260830_193607.jpg,0,4,0.7294467687606812,112,115,129,142
182_20260825_181107.jpg,6,0,0.7286802530288696,303,157,337,192
1426_20260831_181120.jpg,7,3,0.7286633253097534,228,149,250,186
180_20260826_181107.jpg,3,6,0.7284260392189026,125,119,145,160
1066_20260826_184605.jpg,6,0,0.72726970911026,96,36,115,56
1407_20260826_102500.jpg,3,5,0.7265778183937073,178,230,209,288
1066_20260828_163605.jpg,3,0,0.7260304689407349,158,50,179,88
1426_20260830_073620.jpg,4,3,0.7247650623321533,197,213,220,262
1427_20260828_144120.jpg,0,6,0.7245813012123108,190,149,217,186
172_20260829_080606.jpg,4,1,0.7241232991218567,203,111,213,131
232_20260825_123528.jpg,6,0,0.7240462899208069,37,148,77,199
244_20260828_131500.jpg,3,5,0.7235994935035706,139,72,158,107
244_20260828_131500.jpg,2,5,0.7235994935035706,139,72,158,107
1066_20260826_064610.jpg,2,5,0.7231093049049377,88,135,165,286
12_20260829_172508.jpg,5,0,0.722556471824646,206,66,225,95
182_20260829_090107.jpg,0,1,0.7221172451972961,317,105,332,122
182_20260826_114106.jpg,3,0,0.7219619154930115,302,89,315,99
244_20260826_152000.jpg,3,5,0.7213665246963501,129,99,155,151
172_20260830_121107.jpg,4,1,0.7210075259208679,206,108,216,132
1427_20260825_164122.jpg,3,2,0.7201778888702393,212,97,236,146
1066_20260828_200606.jpg,7,3,0.7197933197021484,210,198,263,288
231_20260831_071028.jpg,0,6,0.7191232442855835,217,259,261,288
214_20260828_155609.jpg,0,3,0.7189980745315552,160,58,167,72
182_20260830_103105.jpg,2,5,0.7184169292449951,68,107,92,133
1426_20260829_201122.jpg,7,3,0.717042088508606,160,144,179,172
1427_20260825_094119.jpg,0,6,0.7170116901397705,159,115,178,138
244_20260827_194501.jpg,3,5,0.7169066071510315,146,159,180,258
1066_20260827_131104.jpg,0,1,0.7166343927383423,91,36,102,51
1437_20260831_123117.jpg,5,3,0.7161263227462769,167,81,186,119
229_20260827_160531.jpg,0,6,0.7153950333595276,53,124,80,154
1427_20260829_131620.jpg,3,0,0.7152476906776428,186,83,195,94
222_20260830_061106.jpg,2,0,0.7149211764335632,162,91,169,99
214_20260829_143610.jpg,3,2,0.714432954788208,170,56,181,78
214_20260831_090606.jpg,2,3,0.713448166847229,226,241,291,288
222_20260828_081107.jpg,0,6,0.7134199142456055,0,208,33,253
214_20260830_110107.jpg,0,6,0.7133349180221558,78,93,95,110
1426_20260827_184120.jpg,6,0,0.7125334739685059,209,8,295,229
1426_20260829_201122.jpg,7,3,0.712526798248291,212,153,233,192
182_20260828_160105.jpg,4,1,0.7121145129203796,301,156,324,188
172_20260826_194608.jpg,0,6,0.7119854092597961,202,112,220,139
172_20260826_194608.jpg,3,6,0.7119854092597961,202,112,220,139
222_20260830_121107.jpg,6,0,0.7118194103240967,129,125,142,143
232_20260830_173529.jpg,6,3,0.7112846374511719,216,159,247,230
244_20260830_154500.jpg,5,2,0.7111517786979675,76,139,116,211
214_20260826_161609.jpg,3,0,0.7111251354217529,180,87,191,104
1437_20260828_154117.jpg,2,3,0.7110340595245361,175,40,189,66
222_20260825_182107.jpg,6,5,0.7106851935386658,164,186,192,232
222_20260828_084106.jpg,5,3,0.710138201713562,131,115,143,137
229_20260825_160531.jpg,3,0,0.7099636197090149,83,106,101,128
12_20260826_092008.jpg,0,6,0.7083999514579773,100,71,136,118
1427_20260825_074120.jpg,3,0,0.7071008086204529,216,114,232,136
12_20260826_061511.jpg,3,7,0.7064007520675659,52,137,157,288
232_20260829_193529.jpg,6,0,0.7057812809944153,0,227,24,283
229_20260825_153532.jpg,3,0,0.7053939700126648,83,106,101,128
232_20260830_170530.jpg,6,0,0.7046493887901306,209,86,224,110
1407_20260827_132000.jpg,0,3,0.7045021057128906,177,104,187,122
232_20260831_100028.jpg,3,0,0.7040387988090515,0,222,48,287
1426_20260828_170622.jpg,3,2,0.7039912343025208,163,143,178,169
1407_20260829_115000.jpg,3,5,0.7039049863815308,174,106,187,128
222_20260831_144112.jpg,6,3,0.7032100558280945,140,103,147,117
229_20260825_143531.jpg,3,4,0.7028900980949402,83,106,101,128
229_20260827_093031.jpg,3,0,0.7016733288764954,78,109,103,135
244_20260825_064000.jpg,6,0,0.7015871405601501,79,74,93,98
229_20260826_143531.jpg,5,0,0.7011942267417908,106,106,132,136
172_20260827_094106.jpg,4,1,0.7001415491104126,205,103,214,126
214_20260829_180609.jpg,0,3,0.6999679207801819,196,130,219,167
180_20260827_154105.jpg,5,3,0.6991480588912964,174,83,189,107
229_20260827_190531.jpg,0,4,0.6989290714263916,53,124,80,156
1427_20260831_151120.jpg,0,3,0.6973718404769897,190,112,210,147
172_20260825_094106.jpg,5,0,0.6971758008003235,238,138,287,180
232_20260826_092528.jpg,6,0,0.6965467929840088,100,110,129,142
12_20260828_151508.jpg,0,6,0.6958885192871094,58,111,117,203
214_20260831_083606.jpg,3,0,0.6952978372573853,104,122,125,157
232_20260827_100033.jpg,3,0,0.6951616406440735,125,81,145,108
244_20260828_134500.jpg,4,0,0.6951203942298889,126,71,139,89
12_20260825_101508.jpg,2,5,0.6951178312301636,243,90,270,129
231_20260829_171529.jpg,2,3,0.6950757503509521,160,209,223,287
12_20260827_142008.jpg,0,1,0.6947777271270752,0,137,7,160
1437_20260826_151618.jpg,2,3,0.6935769319534302,177,41,189,67
232_20260829_190529.jpg,6,0,0.6934006214141846,0,224,25,288
172_20260828_190607.jpg,4,1,0.6933650970458984,125,173,151,237
229_20260829_170531.jpg,0,4,0.6926129460334778,83,106,101,128
231_20260825_063529.jpg,4,1,0.6919479966163635,125,91,136,115
1427_20260831_174120.jpg,2,3,0.6913608312606812,181,72,194,86
1066_20260827_144104.jpg,7,3,0.6911587119102478,189,50,207,85
12_20260827_135009.jpg,0,6,0.6910306215286255,155,63,183,107
214_20260830_133109.jpg,0,3,0.6907355189323425,142,87,154,107
222_20260826_102114.jpg,3,0,0.6905920505523682,155,95,161,106
244_20260826_122000.jpg,4,0,0.6905478835105896,53,260,82,288
1066_20260827_144104.jpg,0,6,0.6897141337394714,219,74,253,95
222_20260827_144607.jpg,3,5,0.6891407370567322,135,149,152,185
1407_20260827_105000.jpg,2,0,0.6883575320243835,112,201,175,288
214_20260828_135609.jpg,6,0,0.6881306171417236,51,104,70,124
244_20260828_094500.jpg,4,0,0.6879200339317322,44,103,69,129
214_20260831_140615.jpg,0,3,0.6875181198120117,162,90,175,118
180_20260829_080604.jpg,0,3,0.6872689127922058,163,35,169,48
244_20260829_101500.jpg,5,0,0.6869810819625854,52,79,71,102
244_20260830_161500.jpg,6,0,0.686428964138031,166,112,188,164
222_20260831_171109.jpg,0,3,0.6848054528236389,169,97,178,112
172_20260831_131107.jpg,4,1,0.6846186518669128,201,90,208,105
231_20260827_094028.jpg,3,0,0.6840591430664062,147,31,155,42
222_20260825_104106.jpg,6,0,0.683722734451294,324,180,351,203
180_20260831_161105.jpg,3,0,0.6832438707351685,115,157,143,221
172_20260829_100606.jpg,4,0,0.6827807426452637,180,81,186,95
12_20260830_085008.jpg,3,0,0.6820039749145508,178,24,189,43
172_20260828_160607.jpg,3,0,0.6814699172973633,190,74,210,95
222_20260831_084106.jpg,6,0,0.6810041666030884,127,129,140,152
1407_20260829_125000.jpg,4,1,0.6801018714904785,190,142,201,165
244_20260828_074500.jpg,3,0,0.6798476576805115,0,172,39,233
12_20260828_205509.jpg,3,0,0.6797824501991272,0,163,37,268
1407_20260825_134500.jpg,0,6,0.6794103384017944,229,264,261,288
229_20260825_150531.jpg,3,0,0.678615927696228,83,106,102,128
1066_20260825_171604.jpg,6,0,0.678313672542572,141,81,172,133
244_20260829_101500.jpg,0,1,0.6777582168579102,128,73,135,87
1066_20260829_173604.jpg,7,0,0.6773460507392883,182,33,194,56
12_20260829_172508.jpg,5,0,0.676958441734314,219,56,234,73
214_20260830_100107.jpg,0,6,0.6767638325691223,164,193,191,258
244_20260829_175001.jpg,6,0,0.6765453815460205,113,157,147,228
12_20260826_082008.jpg,3,6,0.6763249635696411,167,49,186,81
12_20260828_071508.jpg,0,5,0.6762831807136536,56,117,111,193
232_20260830_180529.jpg,6,0,0.6762195229530334,217,159,247,230
232_20260825_070529.jpg,6,0,0.6761664748191833,129,80,147,101
1066_20260826_154605.jpg,7,6,0.6759392619132996,181,44,197,81
172_20260829_083606.jpg,2,3,0.6755468249320984,177,59,189,81
182_20260831_073107.jpg,5,0,0.6749280095100403,267,163,305,199
12_20260828_195508.jpg,0,6,0.6748811602592468,141,103,178,162
222_20260828_161110.jpg,3,0,0.6745535731315613,137,122,149,139
214_20260826_174611.jpg,0,3,0.6721913814544678,161,98,174,126
172_20260826_191607.jpg,0,6,0.6716712117195129,204,111,219,139
232_20260831_100028.jpg,3,0,0.6715698838233948,149,53,161,71
229_20260825_140531.jpg,3,4,0.6712058782577515,83,106,101,128
1427_20260826_071137.jpg,6,3,0.6703423857688904,183,91,196,107
1427_20260831_154150.jpg,0,5,0.6698566675186157,89,243,153,288
1437_20260831_140117.jpg,2,0,0.6695661544799805,152,52,162,67
12_20260826_155009.jpg,5,0,0.6694880723953247,168,13,177,28
172_20260830_114107.jpg,4,3,0.6688308119773865,233,152,260,192
229_20260825_183531.jpg,3,0,0.6680997610092163,83,105,102,128
244_20260825_114000.jpg,2,5,0.6673790812492371,129,91,155,139
1437_20260826_144618.jpg,3,0,0.6669631600379944,179,49,187,63
182_20260831_163105.jpg,0,6,0.666728675365448,259,169,301,209
244_20260828_074500.jpg,4,3,0.6665898561477661,152,52,163,72
244_20260828_164500.jpg,4,0,0.6659388542175293,139,42,150,57
214_20260826_094612.jpg,0,3,0.6659227013587952,184,105,200,129
1426_20260829_194122.jpg,7,3,0.6657777428627014,207,137,225,159
232_20260831_123532.jpg,3,6,0.6649340987205505,34,149,78,201
232_20260831_123532.jpg,3,6,0.6649340987205505,34,149,78,200
1427_20260826_131620.jpg,5,0,0.6649020910263062,183,78,190,88
231_20260827_174029.jpg,3,2,0.6646515130996704,139,31,149,44
1066_20260827_131104.jpg,0,1,0.6638277173042297,0,126,10,155
1427_20260830_071622.jpg,7,3,0.6633344292640686,193,82,202,101
1426_20260830_120621.jpg,0,6,0.6630939841270447,179,210,204,246
229_20260825_130534.jpg,3,0,0.6620400547981262,83,106,101,128
1426_20260829_180621.jpg,7,3,0.660825252532959,166,137,178,157
214_20260831_080109.jpg,0,1,0.6597527265548706,156,87,160,99
232_20260829_133034.jpg,3,0,0.659060001373291,184,33,192,47
1427_20260825_091119.jpg,6,3,0.6586641073226929,162,96,180,118
1437_20260825_164120.jpg,6,0,0.6586570143699646,151,55,164,73
244_20260828_131500.jpg,3,5,0.6584466695785522,6,120,40,158
1407_20260826_155500.jpg,4,1,0.6582094430923462,165,150,177,171
214_20260829_083112.jpg,0,6,0.6575302481651306,87,85,101,99
231_20260828_123535.jpg,3,6,0.6565118432044983,0,219,35,288
172_20260829_070108.jpg,0,3,0.6555076837539673,200,99,215,123
12_20260825_132008.jpg,3,5,0.6552188992500305,83,202,176,286
1066_20260831_062604.jpg,7,0,0.655074417591095,17,69,42,98
182_20260828_190108.jpg,0,6,0.6549873948097229,256,176,298,211
1437_20260829_073616.jpg,0,1,0.6548378467559814,184,82,192,99
1426_20260829_190620.jpg,7,2,0.6545989513397217,305,217,352,287
1427_20260827_154620.jpg,6,3,0.6545907258987427,193,99,207,125
232_20260829_072528.jpg,6,0,0.6542864441871643,155,68,169,86
232_20260829_072528.jpg,6,0,0.6542864441871643,155,68,169,86
172_20260828_173607.jpg,2,3,0.6535174250602722,181,56,190,72
244_20260829_134500.jpg,6,0,0.6532634496688843,48,82,71,105
1066_20260825_181605.jpg,0,3,0.6515750885009766,184,31,196,45
182_20260828_070106.jpg,0,1,0.6505956053733826,319,108,333,123
1426_20260828_200622.jpg,7,3,0.6505929827690125,253,171,302,234
214_20260831_093607.jpg,0,3,0.6501345634460449,185,111,204,143
244_20260827_114500.jpg,0,5,0.6493015885353088,137,42,151,60
1066_20260831_190105.jpg,6,0,0.6488860249519348,120,21,132,33
1427_20260827_151619.jpg,6,0,0.6487398147583008,190,130,212,167
229_20260825_203531.jpg,3,4,0.6483741998672485,83,105,102,128
172_20260829_181107.jpg,3,0,0.6479604840278625,202,103,216,126
1427_20260828_191620.jpg,7,3,0.6479300856590271,158,84,175,106
232_20260829_143029.jpg,6,0,0.6474745869636536,41,177,91,244
244_20260826_185001.jpg,4,0,0.6471360325813293,168,80,180,110
229_20260831_141033.jpg,0,4,0.6454604268074036,83,106,100,129
232_20260828_170029.jpg,6,0,0.6452133655548096,133,55,144,69
222_20260826_155110.jpg,3,0,0.6450915336608887,128,124,141,141
232_20260830_123534.jpg,6,3,0.6448751091957092,218,169,250,248
1407_20260825_094000.jpg,0,4,0.6419012546539307,186,147,202,175
229_20260829_073031.jpg,0,5,0.6416792273521423,145,83,160,108
12_20260826_175009.jpg,3,0,0.640110969543457,170,45,186,67
1427_20260825_114119.jpg,6,3,0.640078604221344,162,139,203,214
172_20260829_103606.jpg,4,1,0.6393759250640869,206,107,216,132
244_20260831_131000.jpg,0,6,0.6393575072288513,39,102,67,132
1427_20260825_154122.jpg,0,6,0.6391393542289734,219,132,252,179
172_20260825_161109.jpg,4,0,0.6383858323097229,172,68,178,80
232_20260830_200531.jpg,6,3,0.6382321715354919,153,73,166,91
180_20260826_181107.jpg,3,0,0.6379207372665405,155,93,171,124
232_20260828_150029.jpg,3,0,0.6377894282341003,186,32,190,42
214_20260828_085612.jpg,0,3,0.6371536254882812,162,92,175,114
244_20260825_121000.jpg,6,0,0.6356921195983887,101,111,130,152
231_20260829_182031.jpg,3,2,0.635418176651001,144,30,153,43
1407_20260830_202001.jpg,4,1,0.6351481676101685,191,115,199,131
12_20260825_132008.jpg,3,0,0.6344258785247803,136,48,156,74
12_20260826_132008.jpg,3,0,0.6342780590057373,127,55,152,88
229_20260826_130531.jpg,4,0,0.6341294646263123,81,107,100,129
1066_20260829_163608.jpg,6,0,0.6331114768981934,199,54,236,88
12_20260828_144508.jpg,0,6,0.6323848366737366,246,102,273,131
214_20260830_180607.jpg,2,3,0.6322970390319824,158,56,172,90
244_20260826_175001.jpg,3,2,0.6315798759460449,167,12,178,29
12_20260828_101509.jpg,3,5,0.6309243440628052,252,222,328,287
229_20260831_194031.jpg,4,0,0.6306124925613403,83,106,100,127
1437_20260825_141118.jpg,0,3,0.6304523348808289,178,49,187,62
222_20260826_075109.jpg,6,0,0.6293771266937256,128,132,143,154
12_20260826_182009.jpg,0,5,0.6280260682106018,210,77,231,105
12_20260828_154508.jpg,3,2,0.6274216771125793,201,48,221,81
1426_20260831_101119.jpg,2,3,0.6270971894264221,181,133,193,153
244_20260826_152000.jpg,5,6,0.6270664930343628,162,118,189,194
182_20260828_163105.jpg,3,6,0.6266359090805054,216,152,238,190
232_20260826_102529.jpg,6,0,0.6264404654502869,206,103,230,141
229_20260825_153532.jpg,3,0,0.6250825524330139,155,99,173,127
12_20260825_091008.jpg,3,5,0.6244965195655823,299,175,352,272
231_20260829_171529.jpg,0,6,0.6243568062782288,138,64,148,78
1426_20260830_090619.jpg,6,3,0.6243400573730469,204,152,217,172
172_20260830_114107.jpg,4,0,0.6234154105186462,201,93,211,113
182_20260826_154108.jpg,5,0,0.6233921051025391,335,139,352,174
244_20260827_144500.jpg,4,0,0.6228718757629395,135,96,149,128
232_20260830_160535.jpg,6,3,0.6228342056274414,186,73,199,97
231_20260828_073528.jpg,2,0,0.6211751699447632,165,112,186,161
231_20260826_114528.jpg,2,3,0.6208367347717285,175,44,192,70
214_20260828_132724.jpg,0,3,0.6200077533721924,162,94,174,119
12_20260828_154508.jpg,2,5,0.6196023225784302,158,56,183,103
172_20260827_191107.jpg,2,3,0.6194487810134888,184,66,196,89
1066_20260831_180105.jpg,3,4,0.619365394115448,34,63,55,99
214_20260831_130611.jpg,3,0,0.6193435788154602,88,81,101,98
1407_20260826_172501.jpg,4,0,0.619053304195404,170,132,181,150
12_20260828_071508.jpg,0,6,0.6190359592437744,118,64,146,99
12_20260828_094511.jpg,0,6,0.6189844608306885,130,65,152,92
214_20260825_174608.jpg,0,3,0.6185190081596375,107,120,128,159
1407_20260826_122500.jpg,2,6,0.6172756552696228,111,169,177,288
1407_20260826_105500.jpg,3,0,0.6171589493751526,187,120,200,154
231_20260828_080528.jpg,0,5,0.6171116232872009,158,184,190,273
1066_20260830_140104.jpg,2,3,0.6165769696235657,92,12,115,46
1407_20260831_142000.jpg,0,3,0.6163690686225891,203,114,218,142
182_20260827_183607.jpg,5,3,0.6157329678535461,257,166,301,212
12_20260829_135008.jpg,0,5,0.6150745153427124,150,71,179,121
229_20260827_163531.jpg,4,3,0.6149309277534485,53,123,80,154
182_20260826_124107.jpg,5,0,0.6147183775901794,337,140,352,174
12_20260828_081508.jpg,0,3,0.6126275062561035,206,54,223,81
182_20260825_070604.jpg,0,5,0.6126148104667664,204,114,217,140
1407_20260827_122000.jpg,5,0,0.6122304201126099,204,115,219,139
244_20260830_174501.jpg,0,3,0.611905038356781,165,66,179,102
1066_20260825_181605.jpg,3,5,0.6118060350418091,151,20,165,39
12_20260828_151508.jpg,2,7,0.6116579174995422,32,59,89,124
229_20260828_183531.jpg,4,0,0.6109699606895447,84,106,102,128
244_20260826_182001.jpg,5,0,0.6103967428207397,161,66,179,108
231_20260826_171529.jpg,0,3,0.6095504760742188,101,126,128,165
231_20260826_171529.jpg,0,3,0.6095504760742188,101,126,128,165
229_20260830_164034.jpg,0,5,0.6085904240608215,149,92,166,118
12_20260828_074508.jpg,3,5,0.6084547638893127,123,49,147,92
1426_20260831_071119.jpg,0,6,0.6079896092414856,147,183,168,214
214_20260829_113609.jpg,0,6,0.6059172749519348,67,194,108,287
12_20260831_173508.jpg,0,2,0.6058787107467651,105,73,141,122
12_20260827_112008.jpg,3,0,0.6056578159332275,167,52,185,80
1427_20260826_174622.jpg,3,2,0.6049581170082092,206,86,219,104
1427_20260831_081119.jpg,0,3,0.603132426738739,218,114,236,139
1066_20260828_173605.jpg,0,6,0.6027548313140869,194,53,226,75
180_20260825_091104.jpg,3,7,0.6023448705673218,181,80,212,124
229_20260826_150531.jpg,3,4,0.602128267288208,81,106,99,129
244_20260826_142000.jpg,5,3,0.6004812717437744,150,241,187,287
