image_id,pred_class,conf,x1,y1,x2,y2
214_20260825_181610.jpg,6,0.9450671672821044,219.2722625732422,232.4339599609375,262.905517578125,287.58673095703125
1066_20260830_130104.jpg,6,0.9418001174926758,1.496315360069275,119.94011688232422,42.64546203613281,170.6072540283203
182_20260827_090604.jpg,2,0.935401201248169,150.07693481445312,155.67665100097656,216.4013519287109,286.9844055175781
12_20260826_102013.jpg,0,0.9187580943107604,0.0014071146724745,246.7031097412109,39.67101287841797,287.84686279296875
232_20260831_160529.jpg,0,0.9170767068862916,137.48126220703125,210.5249481201172,179.880615234375,286.8580017089844
232_20260831_080028.jpg,0,0.9129006266593932,106.6318588256836,229.1010589599609,155.59640502929688,287.190185546875
214_20260825_094606.jpg,6,0.9119020700454712,63.227577209472656,256.15936279296875,99.3223114013672,287.79278564453125
232_20260831_080028.jpg,0,0.9070106744766236,206.5878448486328,234.57305908203125,244.91506958007807,287.20654296875
1066_20260829_123606.jpg,5,0.9057902693748474,203.93653869628903,219.3840484619141,256.2704772949219,287.0096740722656
12_20260826_182009.jpg,4,0.902601420879364,269.4979553222656,122.44452667236328,298.01812744140625,156.82469177246094
1066_20260825_114104.jpg,1,0.9013357162475586,243.8041076660156,171.04026794433594,264.4210510253906,209.9379119873047
214_20260830_193607.jpg,0,0.9010457396507264,61.4503059387207,251.8208923339844,97.14813995361328,287.8530578613281
12_20260828_134508.jpg,4,0.900957465171814,305.8588256835937,181.805419921875,347.2379455566406,258.9386291503906
172_20260830_154616.jpg,0,0.9008366465568542,167.19369506835938,260.1318664550781,201.605712890625,287.7283020019531
1426_20260828_163622.jpg,3,0.9007588624954224,234.3736114501953,155.81768798828125,266.6695556640625,197.55323791503903
232_20260831_080028.jpg,0,0.8999636769294739,0.6228776574134827,237.49533081054688,47.33271026611328,286.90869140625
1066_20260829_193604.jpg,0,0.8999479413032532,112.38346099853516,236.7362365722656,164.84951782226562,287.6842956542969
1066_20260827_114104.jpg,3,0.8994792103767395,183.5226287841797,13.53660011291504,192.69143676757807,33.258888244628906
244_20260831_154000.jpg,4,0.898652195930481,168.49661254882812,78.33810424804688,180.34893798828125,103.3327865600586
214_20260827_134607.jpg,0,0.8985236883163452,59.68935775756836,252.05123901367188,94.36471557617188,287.6234741210937
214_20260831_063112.jpg,0,0.8975756168365479,17.632734298706055,170.05604553222656,47.40275192260742,209.7144012451172
232_20260828_180029.jpg,0,0.8975586295127869,98.4978256225586,228.09173583984372,150.05911254882812,287.1631164550781
232_20260826_123028.jpg,0,0.8974841237068176,146.36512756347656,253.8972930908203,186.25973510742188,287.7113647460937
214_20260829_173609.jpg,6,0.8966445326805115,177.912109375,251.82025146484372,214.2138214111328,287.7825012207031
172_20260827_111107.jpg,3,0.89406818151474,157.71778869628906,212.16650390625,213.64401245117188,286.8024597167969
232_20260830_130528.jpg,0,0.8919447064399719,97.1032485961914,239.8444061279297,139.3645782470703,287.40386962890625
12_20260827_195009.jpg,0,0.8918263912200928,0.0,197.2813262939453,79.67576599121094,286.6370849609375
1066_20260829_123606.jpg,1,0.8887715339660645,241.5013427734375,177.77337646484375,263.91412353515625,220.9698181152344
12_20260825_091008.jpg,0,0.8887231349945068,0.1621231138706207,234.88856506347656,47.5358772277832,287.3233337402344
12_20260831_170508.jpg,0,0.8879047632217407,84.25724792480469,239.79025268554688,111.9819793701172,261.299560546875
12_20260825_105008.jpg,3,0.8875909447669983,62.88895797729492,212.62078857421875,147.68426513671875,287.4828796386719
182_20260828_163105.jpg,0,0.8871519565582275,157.7765655517578,245.25282287597656,187.50100708007807,287.6210021972656
1066_20260830_163113.jpg,0,0.8864923119544983,182.5186920166016,269.971435546875,224.5200653076172,287.64263916015625
12_20260825_182008.jpg,1,0.8844228982925415,298.1889038085937,247.2481842041016,324.9175720214844,287.8077392578125
214_20260829_173609.jpg,0,0.8829832077026367,26.454975128173828,164.2357177734375,48.37018203735352,199.2877655029297
1407_20260829_192001.jpg,4,0.882685124874115,161.5533447265625,161.87673950195312,175.87155151367188,199.68870544433597
1066_20260827_104104.jpg,1,0.8810868859291077,243.95675659179688,173.53506469726562,265.1138916015625,215.0348358154297
1407_20260829_175001.jpg,0,0.8809937834739685,134.26666259765625,265.7123718261719,164.65093994140625,287.5871887207031
12_20260830_123508.jpg,0,0.8809037804603577,83.84807586669922,239.7106170654297,112.2353057861328,261.9097900390625
232_20260829_083029.jpg,0,0.8801345229148865,43.51082229614258,262.341064453125,90.3126983642578,287.9852600097656
1066_20260830_140104.jpg,0,0.8798454999923706,167.5115509033203,28.90425109863281,178.3719482421875,41.22845077514648
231_20260825_070529.jpg,3,0.8768965601921082,176.72911071777344,58.48006820678711,205.2578125,116.26239776611328
214_20260826_124607.jpg,0,0.8763599991798401,220.4777374267578,253.6623077392578,256.49237060546875,287.7539367675781
232_20260830_123534.jpg,0,0.8757002949714661,0.0219662357121706,237.8964691162109,22.578805923461918,287.5252380371094
180_20260828_073605.jpg,0,0.8744592666625977,200.59327697753903,245.3779754638672,240.9907073974609,287.58380126953125
214_20260829_133610.jpg,0,0.8741127252578735,63.05036926269531,117.65728759765624,79.58641052246094,139.9431915283203
222_20260827_121609.jpg,4,0.8729270100593567,10.427472114562988,172.65951538085938,28.160654067993164,201.01502990722656
214_20260825_181610.jpg,0,0.8727881908416748,72.32066345214844,90.76847076416016,85.80823516845703,104.51569366455078
12_20260828_131511.jpg,0,0.8723059892654419,83.9446029663086,240.1731414794922,111.91864776611328,261.6380920410156
12_20260828_151508.jpg,1,0.8706194162368774,68.18030548095703,228.4717254638672,111.60652923583984,288.0
1407_20260829_192001.jpg,0,0.870581865310669,210.4679412841797,151.4615478515625,224.77569580078125,180.67886352539065
1426_20260826_151622.jpg,0,0.870560348033905,335.05908203125,248.6002960205078,352.0,287.91168212890625
12_20260828_154508.jpg,0,0.8700283765792847,83.9338607788086,239.7056579589844,112.15542602539062,262.89404296875
180_20260831_061104.jpg,0,0.868330180644989,11.65460205078125,128.45018005371094,27.40153694152832,150.67984008789062
172_20260830_181609.jpg,0,0.8650780916213989,227.5166931152344,260.480712890625,262.2156982421875,287.9971008300781
1066_20260828_203605.jpg,0,0.863934338092804,185.9741058349609,46.81904220581055,202.5401611328125,71.06381225585938
180_20260831_144110.jpg,0,0.8632679581642151,11.58522605895996,128.0656280517578,26.797021865844727,150.79185485839844
182_20260828_103119.jpg,0,0.8629200458526611,202.84983825683597,114.17505645751952,214.1274261474609,128.89706420898438
12_20260828_141509.jpg,0,0.8612335920333862,83.4762191772461,239.61309814453125,112.47775268554688,262.0806579589844
214_20260831_090606.jpg,0,0.8609981536865234,27.424509048461918,162.3815460205078,48.48699569702149,194.00091552734372
214_20260826_121607.jpg,1,0.8603718876838684,243.17007446289065,227.2863922119141,257.08868408203125,266.1781311035156
12_20260828_094511.jpg,0,0.8594344854354858,138.19906616210938,50.10563659667969,157.90731811523438,72.89794921875
180_20260828_113606.jpg,3,0.8589527606964111,11.061809539794922,127.72107696533205,26.889427185058597,150.8408660888672
232_20260830_093030.jpg,0,0.8589140176773071,0.0,236.9850616455078,19.984935760498047,286.82586669921875
12_20260826_065018.jpg,0,0.8587659597396851,84.40692138671875,239.7965087890625,111.90615844726562,261.2847900390625
12_20260826_192009.jpg,1,0.8584120869636536,102.33228302001952,200.8040313720703,136.8675079345703,286.7849426269531
232_20260831_080028.jpg,0,0.8583809733390808,51.39520263671875,254.63137817382807,93.32486724853516,287.7668151855469
12_20260827_152008.jpg,0,0.8573121428489685,84.40493774414062,239.6967620849609,111.82501983642578,262.50225830078125
232_20260831_090028.jpg,0,0.8568453192710876,139.08143615722656,57.99872589111328,149.15992736816406,68.00897216796875
1407_20260829_165000.jpg,0,0.855371356010437,161.27561950683594,159.70712280273438,180.0468292236328,191.33010864257807
180_20260831_174106.jpg,0,0.8553081154823303,169.16354370117188,65.08135223388672,180.3533172607422,82.84773254394531
214_20260830_190607.jpg,0,0.8550693392753601,230.22886657714844,263.43572998046875,261.5286865234375,287.7742919921875
214_20260825_104607.jpg,1,0.8542007803916931,204.9086151123047,113.67137908935548,215.49826049804688,128.17489624023438
12_20260831_160508.jpg,0,0.8537725210189819,84.3232650756836,239.48329162597656,111.91202545166016,262.181884765625
1066_20260827_091105.jpg,4,0.8535158634185791,213.94058227539065,86.66859436035156,230.0361785888672,133.23684692382812
232_20260830_113029.jpg,0,0.8527334332466125,0.0795061737298965,233.9685211181641,19.68126678466797,286.8663635253906
182_20260825_121105.jpg,0,0.8517380356788635,157.8679656982422,271.6163635253906,183.60662841796875,287.85028076171875
180_20260831_194107.jpg,0,0.8512485027313232,113.31065368652344,273.24139404296875,145.27560424804688,287.9208068847656
214_20260828_122611.jpg,0,0.8504067659378052,170.02159118652344,272.8614807128906,199.73486328125,287.72589111328125
1407_20260829_165000.jpg,0,0.8500423431396484,167.1137237548828,128.30184936523438,184.27256774902344,159.20530700683594
1426_20260826_151622.jpg,0,0.8496221899986267,285.04803466796875,257.55712890625,334.44775390625,287.94610595703125
12_20260829_142008.jpg,0,0.8496198654174805,228.8680877685547,71.31629943847656,244.69482421875,89.26663208007812
180_20260826_091104.jpg,0,0.8495821952819824,10.884748458862305,128.08416748046875,27.01575469970703,150.0915069580078
172_20260826_164607.jpg,0,0.8492478728294373,0.0,236.2580108642578,16.356788635253906,287.2488098144531
12_20260828_162008.jpg,0,0.8473363518714905,167.26272583007812,19.60220718383789,176.33273315429688,30.06877899169922
180_20260825_070604.jpg,0,0.8472763895988464,11.327629089355469,128.15780639648438,27.49616050720215,152.18405151367188
229_20260828_060035.jpg,2,0.8471080660820007,257.2227478027344,92.31581115722656,351.5230712890625,284.0267028808594
1066_20260828_183604.jpg,6,0.8469244241714478,135.22230529785156,226.4212646484375,179.15101623535156,287.0749206542969
1426_20260825_194123.jpg,0,0.8468795418739319,211.5059814453125,1.1333287954330444,269.5606994628906,50.48739242553711
12_20260831_120510.jpg,0,0.8451774716377258,84.23085021972656,239.669189453125,112.0921630859375,262.5196228027344
12_20260825_135008.jpg,0,0.844306230545044,83.86922454833984,239.46243286132807,112.22923278808594,262.66217041015625
12_20260830_092010.jpg,0,0.8442493081092834,84.27873229980469,239.6719512939453,111.73562622070312,262.6759338378906
12_20260828_162008.jpg,0,0.842331051826477,218.5555419921875,60.69624328613281,228.09469604492188,70.0692367553711
12_20260829_165509.jpg,1,0.8416917324066162,326.2079162597656,226.13473510742188,352.0,287.1123046875
12_20260830_120008.jpg,0,0.8415514230728149,84.23548126220703,239.56491088867188,112.02272033691406,262.30908203125
12_20260831_150508.jpg,0,0.8409344553947449,84.6351547241211,239.7268218994141,112.26023864746094,262.8108825683594
244_20260825_144000.jpg,3,0.8408765196800232,170.27426147460938,22.64695930480957,181.3547821044922,36.0621223449707
244_20260828_114500.jpg,0,0.8407882452011108,139.4999237060547,43.75495147705078,149.8176727294922,55.917816162109375
232_20260825_185029.jpg,1,0.8407292366027832,15.501626014709473,191.5214080810547,40.6495361328125,231.02362060546875
1066_20260826_094607.jpg,1,0.8406773209571838,228.85549926757807,182.7030334472656,246.7971954345703,222.88571166992188
1437_20260825_144120.jpg,0,0.8406574726104736,165.4388427734375,43.87553024291992,171.30130004882812,49.98362731933594
214_20260828_172609.jpg,1,0.8405551314353943,212.6676177978516,130.86888122558594,226.64498901367188,150.44094848632812
1426_20260829_190620.jpg,3,0.8396726250648499,164.99034118652344,135.75674438476562,180.50863647460935,158.12216186523438
214_20260829_133610.jpg,0,0.83940589427948,143.71327209472656,71.48528289794922,151.22862243652344,85.20679473876953
12_20260828_124509.jpg,0,0.8387844562530518,83.96617889404297,239.2686767578125,111.93588256835938,262.4068603515625
12_20260828_154508.jpg,0,0.8378437161445618,76.46295166015625,74.1982650756836,100.04386138916016,97.9322280883789
12_20260826_072009.jpg,4,0.8375718593597412,100.7873764038086,84.61685943603516,128.1387176513672,114.65499877929688
1427_20260831_151120.jpg,0,0.8373619318008423,181.343505859375,147.8238983154297,204.13201904296875,166.1116180419922
180_20260826_171107.jpg,0,0.8370564579963684,129.3688507080078,91.7665786743164,147.28048706054688,121.12122344970705
12_20260829_102008.jpg,0,0.837039589881897,84.39847564697266,239.66015625,112.45314025878906,261.9530029296875
232_20260830_103029.jpg,0,0.8370019793510437,0.0,236.67645263671875,20.161684036254883,286.82293701171875
182_20260828_073108.jpg,0,0.83700031042099,245.6787109375,265.4731750488281,278.4538879394531,287.7486877441406
1066_20260831_095603.jpg,1,0.836829423904419,71.07145690917969,264.2118835449219,94.25909423828124,288.0
12_20260828_134508.jpg,0,0.8368079662322998,93.71028900146484,68.59809112548828,107.88735961914062,83.75035095214844
1066_20260829_130607.jpg,0,0.8364877104759216,94.6196517944336,260.8844909667969,141.37887573242188,287.8578796386719
12_20260827_122011.jpg,1,0.8364357352256775,336.4951477050781,241.4183807373047,351.995849609375,287.9326477050781
180_20260831_091104.jpg,3,0.8360229134559631,11.735288619995115,128.38072204589844,26.953615188598636,150.95152282714844
12_20260826_152008.jpg,0,0.8352706432342529,84.35739135742188,239.7984771728516,111.62276458740234,261.53875732421875
244_20260826_192001.jpg,0,0.8348320722579956,67.78253173828125,66.92252349853516,85.1815414428711,83.34922790527344
12_20260831_113508.jpg,0,0.8337677121162415,84.4158706665039,239.709228515625,112.01720428466795,262.5949401855469
182_20260826_114106.jpg,0,0.8333988785743713,188.7109222412109,87.89207458496094,195.35531616210935,95.96075439453124
232_20260830_113029.jpg,0,0.8332717418670654,153.0979766845703,46.69806289672852,161.75282287597656,54.83760833740234
12_20260827_092008.jpg,0,0.8326665759086609,84.44425964355469,240.82118225097656,112.17684936523438,263.1006164550781
214_20260829_173609.jpg,0,0.8320032358169556,177.81748962402344,251.42425537109372,214.53012084960935,287.8324890136719
12_20260826_135008.jpg,0,0.8304460644721985,83.97756958007812,239.5997467041016,111.99286651611328,262.0885314941406
12_20260826_105013.jpg,0,0.8299915790557861,84.96883392333984,239.8079071044922,112.40123748779295,262.1646728515625
244_20260828_171500.jpg,0,0.8298402428627014,164.63235473632812,51.48189163208008,176.6287384033203,67.7061767578125
214_20260829_173609.jpg,0,0.82968670129776,234.5870513916016,267.6245422363281,263.7265625,287.703369140625
231_20260826_191529.jpg,0,0.8296228051185608,130.611083984375,60.10473251342773,140.4904327392578,72.94268035888672
12_20260831_130509.jpg,0,0.828005313873291,84.4093017578125,239.65771484375,112.36085510253906,261.62384033203125
1426_20260827_174120.jpg,0,0.827610433101654,111.03057861328124,0.9967435598373412,167.96005249023438,39.33002853393555
1427_20260828_151120.jpg,1,0.8275261521339417,7.744250297546387,259.7941589355469,34.66358184814453,288.0
1437_20260830_150617.jpg,0,0.8272067904472351,87.16145324707031,271.4610595703125,122.71656799316406,287.9042053222656
12_20260830_160513.jpg,0,0.8270994424819946,84.03646850585938,239.6000213623047,112.11292266845705,262.2447204589844
1437_20260826_114616.jpg,0,0.8262360095977783,164.62103271484375,44.63977813720703,172.93663024902344,56.06565856933594
172_20260825_101107.jpg,1,0.8260159492492676,157.39437866210938,183.3600616455078,169.55943298339844,208.1106414794922
182_20260825_114104.jpg,0,0.8256112933158875,292.94927978515625,138.24356079101562,308.3932800292969,149.4956512451172
214_20260831_193607.jpg,1,0.8255875110626221,140.70506286621094,222.89064025878903,153.8858642578125,271.91925048828125
214_20260828_105617.jpg,0,0.8247470855712891,221.29153442382807,118.1498565673828,238.63429260253903,134.35324096679688
12_20260828_111513.jpg,0,0.8246721625328064,84.35073852539062,239.8824462890625,112.56739807128906,262.00177001953125
1066_20260830_140104.jpg,0,0.8239879608154297,157.0854034423828,17.689952850341797,166.43670654296875,26.902950286865234
180_20260830_134604.jpg,0,0.8237923383712769,11.443134307861328,127.8133773803711,27.743783950805664,149.50331115722656
1426_20260825_151120.jpg,1,0.8237045407295227,251.8315887451172,29.008766174316406,272.081298828125,52.90706634521485
182_20260831_173105.jpg,0,0.8236645460128784,185.76043701171875,98.76293182373048,192.68765258789065,108.44540405273438
1066_20260825_104104.jpg,1,0.8233978748321533,201.5734100341797,51.76821517944336,210.76559448242188,70.95655822753906
182_20260828_203105.jpg,0,0.8231512308120728,174.4695281982422,101.20640563964844,183.34283447265625,114.56404113769533
222_20260831_201109.jpg,0,0.8227903842926025,160.32177734375,175.93540954589844,180.06422424316406,207.11990356445312
232_20260830_110029.jpg,0,0.8227750658988953,0.0,235.8541717529297,20.030916213989254,286.8343505859375
1066_20260829_103604.jpg,1,0.8220353126525879,126.93671417236328,258.30352783203125,148.0201873779297,287.795654296875
182_20260831_073107.jpg,0,0.8213387727737427,172.05142211914062,113.73280334472656,182.67874145507807,126.80241394042967
12_20260830_113008.jpg,0,0.8212816119194031,84.0489273071289,239.5785980224609,111.84031677246094,262.27178955078125
244_20260829_151500.jpg,0,0.8203096389770508,72.61228942871094,63.17998504638672,88.28934478759766,79.34201049804688
1407_20260826_122500.jpg,0,0.8195796012878418,221.39187622070312,276.0471496582031,252.57676696777344,287.8204040527344
1066_20260831_170104.jpg,0,0.8195284605026245,183.4965362548828,24.424928665161133,192.6663360595703,33.91070556640625
182_20260827_113605.jpg,0,0.8190052509307861,292.92242431640625,138.31288146972656,308.2748413085937,149.73292541503906
180_20260827_181104.jpg,0,0.8182939887046814,155.25091552734375,36.99209213256836,161.57725524902344,43.90334701538086
1066_20260830_210104.jpg,0,0.8177550435066223,171.1556396484375,14.722101211547852,179.7549285888672,24.794557571411133
12_20260830_130508.jpg,0,0.8171223402023315,83.94149017333984,239.6708068847656,112.29849243164062,261.9656066894531
232_20260827_203029.jpg,0,0.8170034289360046,168.24581909179688,39.05939865112305,174.15975952148438,46.01350021362305
214_20260828_192609.jpg,0,0.8168532252311707,65.99254608154297,254.20252990722656,99.62814331054688,287.7879333496094
1437_20260830_093617.jpg,3,0.8167963027954102,152.6551513671875,31.983661651611328,160.4007568359375,42.99747085571289
12_20260825_182008.jpg,0,0.8164560794830322,84.08818817138672,240.18316650390625,112.39425659179688,261.31207275390625
244_20260825_151000.jpg,1,0.8153883218765259,203.23963928222656,182.1623077392578,217.79673767089844,220.3025360107422
244_20260831_144000.jpg,0,0.8153371810913086,166.06520080566406,44.39590835571289,177.91915893554688,62.481441497802734
180_20260827_154105.jpg,0,0.8152095079421997,134.98728942871094,81.11113739013672,148.8734893798828,100.65934753417967
244_20260830_164500.jpg,0,0.8151407241821289,134.88400268554688,48.74246597290039,148.4730682373047,65.80431365966797
12_20260827_132013.jpg,7,0.8150649070739746,21.88095474243164,120.31103515625,57.63227462768555,157.2488250732422
1426_20260831_161120.jpg,1,0.8149518966674805,164.25735473632812,192.6967010498047,178.28509521484375,221.0795745849609
182_20260831_193105.jpg,0,0.8148964047431946,215.7178497314453,142.7478790283203,233.3443145751953,167.85572814941406
214_20260828_135609.jpg,0,0.8148486018180847,153.04714965820312,49.171512603759766,158.17953491210938,57.00346374511719
232_20260828_062528.jpg,0,0.8147996664047241,2.237994909286499,271.5709228515625,37.5068244934082,287.7816772460937
12_20260827_122011.jpg,0,0.8145968914031982,84.10243225097656,239.40670776367188,112.04302215576172,262.16473388671875
12_20260827_185009.jpg,1,0.8139195442199707,301.8886108398437,227.2581024169922,328.40802001953125,287.2117614746094
1426_20260826_161620.jpg,0,0.8138537406921387,57.77688980102539,7.362575054168701,109.9273452758789,32.0860710144043
182_20260830_130606.jpg,0,0.813762903213501,179.38589477539062,86.92892456054688,185.2104949951172,92.98585510253906
244_20260829_111500.jpg,0,0.8133840560913086,69.00619506835938,66.50285339355469,85.64922332763672,81.38809204101562
1066_20260829_110604.jpg,1,0.8128759264945984,240.68508911132807,174.20831298828125,262.8729553222656,219.2819061279297
244_20260826_172001.jpg,0,0.8125123977661133,165.23081970214844,44.045936584472656,176.19058227539062,59.407989501953125
12_20260827_085008.jpg,0,0.8124870657920837,162.48291015625,62.20071792602539,183.2417449951172,82.51213836669922
232_20260827_173029.jpg,0,0.8123510479927063,183.1934814453125,42.3794174194336,188.89015197753903,49.89270782470703
180_20260828_173607.jpg,0,0.8119209408760071,168.46795654296875,69.07986450195312,181.89073181152344,86.41206359863281
12_20260827_132013.jpg,0,0.8102549910545349,84.09310150146484,239.5094757080078,112.07728576660156,261.9380798339844
180_20260829_173607.jpg,0,0.8098335266113281,171.98228454589844,76.9874038696289,185.8658599853516,95.75617218017578
231_20260828_080528.jpg,0,0.8089842200279236,145.3267822265625,46.06533050537109,153.42979431152344,54.938289642333984
1426_20260827_151119.jpg,0,0.8087505102157593,333.327880859375,264.9451904296875,352.0,287.8081970214844
244_20260826_132000.jpg,0,0.8086336851119995,169.0242462158203,36.99259185791016,177.6197052001953,49.01896286010742
1066_20260829_113604.jpg,1,0.8085891008377075,239.0369110107422,175.7391357421875,263.3358154296875,221.64450073242188
12_20260831_093508.jpg,0,0.808194637298584,84.11516571044922,239.9933013916016,111.87394714355467,262.84295654296875
12_20260827_175009.jpg,0,0.8080370426177979,200.5196228027344,49.95999526977539,208.59283447265625,61.600624084472656
231_20260828_080528.jpg,0,0.80765300989151,155.6049346923828,48.0485954284668,162.892333984375,58.86403274536133
12_20260828_084508.jpg,0,0.8076302409172058,84.26507568359375,240.3580017089844,112.13684844970705,263.10479736328125
12_20260825_165008.jpg,0,0.8075219988822937,84.29277801513672,239.60472106933597,112.48645782470705,262.2029724121094
214_20260826_121607.jpg,1,0.8065759539604187,157.4954833984375,267.21685791015625,170.6758575439453,287.76055908203125
180_20260829_140607.jpg,0,0.8048412799835205,11.911561965942385,128.2242431640625,27.35480499267578,151.2801055908203
12_20260826_142008.jpg,0,0.804141640663147,84.30439758300781,239.46353149414065,112.22817993164062,261.4685974121094
232_20260830_130528.jpg,0,0.8040027022361755,124.68519592285156,63.69057083129883,136.84410095214844,75.82364654541016
232_20260831_090028.jpg,0,0.8036133646965027,176.3722381591797,38.14641571044922,182.320556640625,46.87718963623047
232_20260830_173529.jpg,0,0.8030269145965576,148.42930603027344,54.15353775024414,156.15916442871094,65.11829376220703
232_20260825_080532.jpg,0,0.8019917011260986,187.0299530029297,47.199214935302734,197.01109313964844,58.75908279418945
182_20260826_204105.jpg,1,0.8014593124389648,305.513427734375,179.41380310058594,322.202880859375,211.94186401367188
1426_20260827_154120.jpg,0,0.8014289140701294,333.1188659667969,263.40093994140625,352.0,287.5903015136719
1066_20260826_161605.jpg,0,0.8014286160469055,173.2438201904297,11.099533081054688,178.983642578125,19.014083862304688
12_20260829_092008.jpg,0,0.801307201385498,169.7691192626953,18.872953414916992,178.9385223388672,29.04432487487793
1066_20260827_171105.jpg,0,0.800373375415802,161.20164489746094,13.302685737609863,169.74427795410156,22.882753372192383
180_20260829_060113.jpg,0,0.8003391027450562,11.980669975280762,128.54501342773438,28.08818244934082,149.86306762695312
214_20260831_150610.jpg,0,0.8001658320426941,219.93002319335935,253.9536895751953,258.1568908691406,287.82843017578125
12_20260826_125008.jpg,0,0.8001519441604614,84.66976928710938,239.87451171875,112.04981231689452,261.6863098144531
180_20260825_161107.jpg,0,0.8001351356506348,176.7495880126953,78.10425567626953,189.00596618652344,95.91587829589844
12_20260828_071508.jpg,0,0.7999371290206909,84.35393524169922,240.1784210205078,112.14315032958984,262.4537658691406
1066_20260826_174606.jpg,2,0.7999207973480225,100.02005004882812,226.0053558349609,161.11863708496094,287.3329467773437
1066_20260826_134605.jpg,0,0.7996966242790222,175.01971435546875,8.921298027038574,181.10247802734372,15.445828437805176
182_20260826_131106.jpg,0,0.7996047139167786,292.77227783203125,138.3075408935547,308.19384765625,149.36215209960938
12_20260831_190508.jpg,0,0.7994100451469421,17.588653564453125,136.69931030273438,53.46344375610352,175.45327758789062
232_20260830_100028.jpg,0,0.7992643117904663,0.0454123206436634,230.4134826660156,19.663604736328125,287.4651184082031
1426_20260830_073620.jpg,1,0.798922061920166,133.34829711914062,227.8256378173828,142.42605590820312,263.64422607421875
182_20260826_114106.jpg,0,0.7988796830177307,180.74452209472656,87.24737548828125,187.1919708251953,97.9085922241211
214_20260829_103606.jpg,1,0.7987142205238342,157.01031494140625,259.9098205566406,167.86077880859375,287.8867492675781
214_20260831_073109.jpg,1,0.7986527681350708,240.1614532470703,217.82666015625,254.0583953857422,252.2559509277344
1427_20260827_154620.jpg,0,0.798326849937439,184.41070556640625,148.48663330078125,209.22409057617188,168.05966186523438
1066_20260829_160607.jpg,0,0.7978809475898743,165.71975708007812,39.072303771972656,179.0362091064453,55.71874237060547
244_20260830_171501.jpg,0,0.7976197600364685,133.22015380859375,55.38887786865234,147.12551879882812,71.34603881835938
1407_20260829_165000.jpg,1,0.797447144985199,204.33506774902344,202.67678833007807,219.22311401367188,227.80796813964844
180_20260826_194107.jpg,0,0.7971999049186707,225.19387817382807,271.4009094238281,258.1676940917969,287.761474609375
182_20260825_084104.jpg,0,0.7968830466270447,253.43997192382807,267.6365966796875,292.2502746582031,287.79058837890625
232_20260831_130532.jpg,0,0.7968311905860901,212.39620971679688,245.1534423828125,259.70654296875,288.0
180_20260828_160606.jpg,0,0.7964720129966736,139.50509643554688,58.8931884765625,149.78720092773438,72.97418212890625
12_20260826_162009.jpg,0,0.7962832450866699,157.73095703125,27.2429313659668,169.28236389160156,42.15240478515625
222_20260831_181109.jpg,0,0.796258270740509,163.56491088867188,100.89099884033205,170.84735107421875,109.95391082763672
172_20260826_171607.jpg,0,0.7961783409118652,0.2254887372255325,246.43014526367188,12.757341384887695,287.3414611816406
12_20260828_061511.jpg,0,0.7959954738616943,84.04420471191406,240.4744873046875,112.3830108642578,262.010498046875
182_20260831_070110.jpg,0,0.7959674000740051,168.34161376953125,135.4357147216797,183.56369018554688,158.57003784179688
232_20260825_090533.jpg,0,0.7957248687744141,174.79440307617188,43.19697189331055,182.4807281494141,50.96139144897461
12_20260827_125008.jpg,0,0.7951890826225281,168.2778778076172,19.80379867553711,177.22666931152344,30.92177963256836
182_20260831_120105.jpg,3,0.7945699691772461,206.42291259765625,244.12518310546875,244.85040283203125,287.862060546875
1437_20260831_073129.jpg,0,0.7944514155387878,202.0964508056641,79.60807800292969,219.2475128173828,94.13439178466795
244_20260827_104500.jpg,1,0.7944129705429077,28.86625099182129,132.18031311035156,40.04681015014648,157.81158447265625
232_20260830_083029.jpg,0,0.7943109273910522,100.94313049316406,271.0263061523437,138.94155883789062,287.8830261230469
1427_20260825_201123.jpg,3,0.7942659258842468,208.70135498046875,92.4859619140625,225.5714569091797,118.59809112548828
12_20260827_175009.jpg,0,0.7942609786987305,90.29147338867188,69.46975708007812,107.22154998779295,86.69815826416016
12_20260828_162008.jpg,0,0.7942447662353516,178.7530059814453,25.29179573059082,189.78567504882807,39.47836685180664
12_20260829_082008.jpg,1,0.7941194176673889,332.8135986328125,240.9129638671875,352.0,288.0
180_20260830_161622.jpg,0,0.7940255403518677,159.9004669189453,35.89038848876953,165.28713989257812,43.198673248291016
182_20260830_140607.jpg,0,0.7938908338546753,292.49371337890625,138.20445251464844,307.7752380371094,149.82875061035156
180_20260831_151105.jpg,0,0.7932383418083191,12.121792793273926,127.95075988769533,27.342185974121094,151.117431640625
180_20260830_061103.jpg,0,0.7930201888084412,12.123862266540527,128.31134033203125,27.256595611572266,150.63121032714844
12_20260830_085008.jpg,0,0.7923657298088074,83.9403076171875,239.71502685546875,112.41936492919922,262.6683044433594
172_20260825_111106.jpg,1,0.7921034097671509,119.47429656982422,264.7923278808594,135.9217071533203,287.66827392578125
244_20260826_102000.jpg,0,0.7920016050338745,167.9750518798828,34.82947540283203,176.6822967529297,45.91887283325195
1066_20260829_133606.jpg,0,0.7919819355010986,150.53436279296875,25.410398483276367,162.05886840820312,42.63838577270508
180_20260827_201107.jpg,0,0.791802167892456,151.85255432128906,85.57131958007812,172.82594299316406,109.95563507080078
12_20260826_065018.jpg,0,0.7905154824256897,0.2199896574020385,179.27804565429688,28.523820877075195,250.7520904541016
12_20260827_102008.jpg,0,0.7896671891212463,84.40190887451172,239.53575134277344,111.9080810546875,261.6903991699219
180_20260830_144605.jpg,0,0.7895511388778687,11.741731643676758,127.98754119873048,27.283740997314453,151.17567443847656
1066_20260831_123104.jpg,0,0.7893645763397217,162.1394500732422,10.964019775390623,169.68243408203125,19.022825241088867
244_20260826_155000.jpg,0,0.7889273762702942,74.44877624511719,68.20209503173828,90.77135467529295,84.09236145019531
182_20260829_120105.jpg,0,0.7888678312301636,293.0189208984375,138.34568786621094,308.2762451171875,148.95887756347656
214_20260827_121609.jpg,1,0.788749098777771,180.8296356201172,163.5544891357422,188.5402374267578,192.2014312744141
232_20260831_083028.jpg,0,0.7878931164741516,173.6908416748047,45.21887969970703,180.6280517578125,52.87367630004883
12_20260829_072007.jpg,0,0.7877898216247559,84.14656829833984,239.95628356933597,112.1964111328125,262.6081237792969
232_20260829_193529.jpg,0,0.7877447009086609,174.61773681640625,44.597354888916016,181.32778930664065,52.99494934082031
12_20260827_115008.jpg,0,0.7873771786689758,84.2926254272461,239.5948028564453,112.08714294433594,262.6079406738281
172_20260830_201609.jpg,1,0.7869653105735779,131.46531677246094,181.7476959228516,143.9984893798828,211.50848388671875
214_20260829_113609.jpg,1,0.7868520617485046,207.65118408203125,129.40513610839844,215.09942626953125,150.19955444335938
1066_20260830_183106.jpg,0,0.7868297100067139,0.3629617989063263,129.0638427734375,11.751272201538086,158.89273071289062
12_20260825_071007.jpg,0,0.7866683006286621,333.2620849609375,243.0277862548828,351.8970642089844,286.98406982421875
12_20260830_082008.jpg,0,0.7864721417427063,83.88166809082031,240.02606201171875,112.28205871582033,262.4259338378906
12_20260825_165008.jpg,0,0.7856890559196472,98.32340240478516,263.76617431640625,155.316162109375,287.87164306640625
180_20260825_060113.jpg,3,0.7856238484382629,12.260377883911133,128.30233764648438,26.98942756652832,152.1639862060547
1066_20260826_164605.jpg,1,0.7850912809371948,203.7095947265625,100.12674713134766,211.95242309570312,133.64254760742188
12_20260831_133509.jpg,0,0.7848799228668213,84.49380493164062,239.7882080078125,112.44956970214844,261.86187744140625
12_20260829_122010.jpg,0,0.7846556901931763,84.21961975097656,239.62954711914065,112.1406707763672,261.975341796875
214_20260827_121609.jpg,1,0.7845957279205322,194.95114135742188,170.30685424804688,204.0830841064453,200.8628387451172
1066_20260826_154605.jpg,0,0.7841770052909851,172.66830444335938,8.79481029510498,178.17391967773438,16.01799201965332
12_20260827_182009.jpg,0,0.7837393283843994,0.2251019775867462,163.8858642578125,33.12308120727539,209.4019927978516
1066_20260826_194605.jpg,0,0.7835787534713745,127.89856719970705,10.452744483947754,134.49713134765625,18.520357131958008
12_20260830_075007.jpg,0,0.7831684947013855,84.38634490966797,239.6742248535156,112.0522003173828,262.4277648925781
182_20260826_101108.jpg,3,0.7827896475791931,173.28150939941406,87.10363006591797,180.73004150390625,99.89116668701172
182_20260828_133115.jpg,0,0.7825651168823242,292.5368957519531,138.60736083984375,307.9690246582031,149.83985900878906
12_20260826_145009.jpg,0,0.7822079062461853,215.63601684570312,53.61485290527344,223.6610107421875,61.946136474609375
12_20260826_145009.jpg,0,0.7820743918418884,84.1899642944336,239.81842041015625,112.3586883544922,261.5130920410156
180_20260827_181104.jpg,0,0.7819895148277283,149.86447143554688,31.03885841369629,154.7182159423828,36.93427276611328
222_20260825_162108.jpg,0,0.7818695902824402,163.2018280029297,98.07029724121094,170.08743286132812,104.84544372558594
172_20260826_081606.jpg,0,0.7817109823226929,4.771912097930908,258.9164428710937,42.06510162353516,287.8373718261719
12_20260831_143508.jpg,0,0.7816179394721985,83.91503143310547,239.7635955810547,111.90055084228516,261.9200134277344
172_20260828_113608.jpg,1,0.7811611294746399,97.63500213623048,264.150634765625,114.87281799316406,287.3912658691406
222_20260827_094611.jpg,3,0.7808932662010193,163.78981018066406,92.43994903564452,171.36788940429688,104.83448791503906
12_20260826_165009.jpg,1,0.78057861328125,278.8856811523437,254.70069885253903,303.345458984375,287.6232604980469
12_20260826_072009.jpg,1,0.7799123525619507,67.04627227783203,224.51300048828125,96.48653411865234,287.0751342773437
232_20260831_090028.jpg,0,0.7796909809112549,168.0280303955078,40.41596984863281,173.8968048095703,46.811431884765625
1066_20260827_114104.jpg,1,0.7796034812927246,242.12420654296875,180.50596618652344,264.2344970703125,221.33023071289065
12_20260828_162008.jpg,0,0.7795737981796265,204.02430725097656,54.8408088684082,215.18557739257807,71.71196746826172
232_20260826_170529.jpg,0,0.7793302536010742,168.7679901123047,275.45068359375,199.08840942382807,287.9109191894531
1066_20260831_153145.jpg,0,0.7792850732803345,0.0,129.64817810058594,8.707463264465332,158.4351806640625
12_20260829_095008.jpg,0,0.7782710194587708,84.56303405761719,240.63075256347656,112.53265380859376,262.7165222167969
182_20260830_123641.jpg,0,0.7776601910591125,292.7590026855469,138.45452880859375,308.3514099121094,149.0631866455078
1426_20260825_151120.jpg,0,0.7770468592643738,336.6127319335937,256.8951721191406,351.9931640625,287.7378234863281
222_20260829_094608.jpg,0,0.7763976454734802,123.45867919921876,94.926025390625,131.00924682617188,102.8145751953125
180_20260827_171105.jpg,0,0.7762649059295654,153.8727569580078,73.44673156738281,166.97596740722656,89.548095703125
222_20260825_185108.jpg,0,0.7762278914451599,181.87571716308597,133.5525665283203,196.44122314453125,151.41551208496094
12_20260829_152508.jpg,0,0.7761348485946655,83.36381530761719,239.93356323242188,111.98573303222656,261.65350341796875
232_20260829_130029.jpg,0,0.7761183381080627,191.2845764160156,40.90576934814453,197.0414886474609,47.99968719482422
1426_20260827_124412.jpg,1,0.7756315469741821,160.4994659423828,12.50298309326172,179.58229064941406,38.52678298950195
12_20260825_115008.jpg,0,0.7752118706703186,83.4457015991211,240.30496215820312,111.5438003540039,262.0365905761719
12_20260829_095008.jpg,0,0.7746180295944214,74.58078002929688,263.2811279296875,148.6885223388672,288.0
1426_20260831_064121.jpg,6,0.7744337916374207,320.1756286621094,232.21011352539065,351.888671875,260.829345703125
214_20260825_071824.jpg,1,0.774377703666687,201.40396118164065,117.34872436523438,214.33303833007807,132.5757293701172
12_20260827_092008.jpg,0,0.7740971446037292,220.83811950683597,65.6162109375,230.58853149414065,78.87406921386719
1437_20260831_203117.jpg,0,0.773952841758728,166.1875762939453,47.00363540649414,172.188720703125,53.99471664428711
1437_20260825_204120.jpg,1,0.7736212015151978,169.2449188232422,72.29705810546875,176.24400329589844,88.35169219970703
1407_20260829_165000.jpg,1,0.7734450697898865,175.61183166503906,194.14910888671875,188.2650146484375,224.9674224853516
214_20260825_094606.jpg,1,0.7730804085731506,202.86985778808597,236.46939086914065,215.58489990234372,280.07794189453125
12_20260826_122008.jpg,1,0.7726410627365112,304.26434326171875,242.9864501953125,328.0411071777344,287.84527587890625
12_20260829_065007.jpg,0,0.7725393772125244,84.37068939208984,240.47398376464844,112.38394165039062,263.4045715332031
1066_20260829_083603.jpg,0,0.7725012898445129,0.2063052505254745,110.9888687133789,9.052162170410156,132.07810974121094
182_20260828_113115.jpg,0,0.7724994421005249,191.19601440429688,90.59795379638672,196.52490234375,97.87995147705078
214_20260825_161608.jpg,3,0.7721661329269409,38.67513656616211,123.63722229003906,69.87337493896484,170.80108642578125
222_20260827_184608.jpg,1,0.7720387578010559,180.7373962402344,157.3062744140625,187.7683868408203,178.6757049560547
244_20260826_195001.jpg,1,0.7716013789176941,191.2325134277344,172.2579803466797,205.9846649169922,212.4811248779297
12_20260825_122008.jpg,0,0.7714781761169434,83.21505737304688,239.4756317138672,111.50406646728516,261.5393371582031
180_20260827_194108.jpg,0,0.7706276774406433,139.3987274169922,60.35054016113281,149.9935302734375,78.08503723144531
180_20260831_101104.jpg,0,0.7704934477806091,166.014892578125,43.0805778503418,173.3026580810547,55.96485137939453
1407_20260826_105500.jpg,0,0.7704740762710571,184.6680603027344,179.8606719970703,205.0825958251953,203.0271759033203
12_20260828_081508.jpg,0,0.7704605460166931,236.79800415039065,77.77954864501953,254.97463989257807,96.12841033935548
180_20260825_174108.jpg,0,0.7702990770339966,169.58865356445312,64.60226440429688,181.8106842041016,82.1279296875
1427_20260827_124412.jpg,1,0.7701693177223206,83.21531677246094,252.9637908935547,101.06597900390624,287.4026184082031
180_20260831_071103.jpg,0,0.7701013088226318,12.295698165893556,128.313720703125,26.86056900024414,151.27554321289062
1066_20260827_151104.jpg,1,0.7699005007743835,180.9774475097656,35.324005126953125,186.1120758056641,47.940704345703125
12_20260828_084508.jpg,0,0.769618034362793,229.22984313964844,68.07110595703125,245.581298828125,88.52365112304688
244_20260826_165000.jpg,1,0.7688589692115784,197.6013336181641,100.19822692871094,211.0946807861328,137.30377197265625
214_20260827_165608.jpg,1,0.7683879733085632,95.57762145996094,254.62474060058597,110.75715637207033,287.748046875
214_20260826_181609.jpg,0,0.7682942748069763,221.83262634277344,252.5260467529297,257.46051025390625,287.7935485839844
244_20260828_091500.jpg,0,0.7682307362556458,69.96739196777344,49.097755432128906,87.86524200439453,64.64832305908203
180_20260827_184105.jpg,0,0.768212080001831,11.761996269226074,128.3737335205078,27.82860565185547,151.5527801513672
1066_20260826_094607.jpg,1,0.7682057023048401,228.34466552734372,169.77069091796875,247.78781127929688,222.5814208984375
232_20260828_095531.jpg,1,0.7680604457855225,117.80355072021484,131.475830078125,129.10195922851562,158.9875946044922
12_20260827_092008.jpg,0,0.7678573131561279,217.47711181640625,57.28711318969727,227.8753662109375,70.64354705810547
182_20260826_131106.jpg,0,0.7676032781600952,343.6454162597656,143.60537719726562,351.9656677246094,167.54905700683594
180_20260831_094104.jpg,3,0.766873300075531,11.3453950881958,127.94601440429688,27.06993293762207,150.8904266357422
12_20260826_165009.jpg,0,0.7667055130004883,172.90737915039062,45.10676956176758,189.4284820556641,62.23418045043945
1427_20260829_201620.jpg,0,0.7666633725166321,191.2030487060547,78.55037689208984,196.0840301513672,84.0947265625
180_20260826_161107.jpg,1,0.7661238312721252,219.0089263916016,155.64369201660156,231.3371124267578,184.36460876464844
1066_20260829_070106.jpg,1,0.7657020092010498,201.2494659423828,98.7632827758789,209.2833251953125,127.79332733154295
12_20260827_115008.jpg,0,0.765697181224823,95.96184539794922,67.64520263671875,111.68312072753906,83.8222427368164
244_20260827_164500.jpg,1,0.7656618356704712,190.53868103027344,71.72354888916016,198.13465881347656,90.12793731689452
180_20260827_181104.jpg,0,0.7653263807296753,167.29855346679688,55.71140670776367,176.32569885253906,66.93634796142578
244_20260831_154000.jpg,3,0.7651110291481018,151.45907592773438,38.55778121948242,163.06309509277344,65.44158935546875
214_20260827_124808.jpg,3,0.7650915384292603,38.80097579956055,122.40769958496094,69.40642547607422,171.3076629638672
1437_20260831_080119.jpg,0,0.7648764848709106,151.77212524414062,42.96692657470703,158.74720764160156,51.96626281738281
214_20260828_175611.jpg,1,0.764602541923523,106.86895751953124,224.26187133789065,117.8862533569336,259.7947082519531
180_20260831_184107.jpg,0,0.7635183334350586,126.34684753417967,110.08647918701172,144.16131591796875,143.79684448242188
1426_20260825_154122.jpg,0,0.7632646560668945,335.9422302246094,255.87750244140625,351.98541259765625,287.77996826171875
214_20260828_162618.jpg,1,0.7624869346618652,210.3886260986328,118.53185272216795,220.34771728515625,138.1461639404297
1066_20260826_114604.jpg,0,0.7615994215011597,188.0154571533203,24.39316940307617,194.2738494873047,35.905460357666016
12_20260829_112010.jpg,0,0.7615119814872742,177.26669311523438,15.805068969726562,184.151611328125,23.82353782653809
12_20260826_102013.jpg,0,0.7611257433891296,84.12146759033203,240.8629913330078,112.60997009277344,263.7117614746094
214_20260826_174611.jpg,3,0.7608509659767151,38.76449203491211,110.96726989746094,67.567138671875,167.7744598388672
214_20260826_174611.jpg,1,0.7603244781494141,193.9078521728516,198.13311767578125,202.7193145751953,232.61593627929688
12_20260825_175008.jpg,0,0.7602556347846985,84.4269790649414,240.5641326904297,112.48345184326172,261.4045715332031
222_20260828_074106.jpg,1,0.7601794600486755,230.22589111328125,259.7018127441406,244.92984008789065,287.6175842285156
1066_20260826_061113.jpg,1,0.7600326538085938,238.6700439453125,154.85659790039062,253.83544921875,191.48587036132807
172_20260825_204608.jpg,0,0.7595522999763489,0.0,229.4840545654297,17.640573501586914,284.9270935058594
180_20260828_173607.jpg,0,0.7594718337059021,204.4275054931641,129.59925842285156,239.25770568847656,154.1332244873047
12_20260826_145009.jpg,0,0.7592318058013916,202.22210693359372,44.714317321777344,209.4892425537109,54.0147705078125
182_20260826_101108.jpg,0,0.7586890459060669,198.19200134277344,105.01329803466795,207.07037353515625,115.94741821289062
12_20260827_095008.jpg,1,0.758603036403656,28.447153091430664,103.20518493652344,40.53058242797852,129.38168334960938
180_20260827_171105.jpg,0,0.7580876350402832,174.07420349121094,87.68626403808594,186.5472869873047,109.55606079101562
214_20260828_112615.jpg,3,0.757951021194458,52.357704162597656,221.0554656982422,99.85718536376952,287.38360595703125
180_20260830_151605.jpg,0,0.7576830387115479,156.2233123779297,42.94609832763672,163.37037658691406,55.52657699584961
180_20260828_090609.jpg,0,0.7576332688331604,163.72926330566406,33.06288146972656,170.37808227539062,43.507572174072266
182_20260829_143105.jpg,0,0.7574726343154907,182.4055633544922,86.65345001220703,187.2421722412109,92.90474700927734
182_20260825_134110.jpg,0,0.7567636966705322,182.88262939453125,83.9538345336914,187.24899291992188,89.9428482055664
1437_20260829_144118.jpg,0,0.7566783428192139,169.10594177246094,54.83836364746094,175.68028259277344,62.939430236816406
1437_20260828_161118.jpg,0,0.7562738656997681,163.9010009765625,46.14208221435547,170.42630004882812,53.56927490234375
232_20260829_083029.jpg,0,0.7561963796615601,160.81935119628906,48.43657302856445,168.01336669921875,56.97642517089844
1407_20260831_142000.jpg,0,0.7561560869216919,231.70046997070312,276.78326416015625,264.8037109375,287.7059326171875
180_20260825_111104.jpg,3,0.7561209201812744,11.404211044311523,127.58131408691406,26.925819396972656,150.09515380859375
1066_20260829_120604.jpg,1,0.7559745907783508,242.3760223388672,178.678955078125,264.4593200683594,221.2999267578125
182_20260828_120112.jpg,0,0.7559596300125122,178.64511108398438,81.92069244384766,183.3144073486328,87.93235778808594
12_20260829_182508.jpg,5,0.755839467048645,0.0,128.18675231933594,52.73971557617188,189.2347412109375
214_20260826_141608.jpg,1,0.755374550819397,201.44895935058597,108.04067993164062,213.23806762695312,126.93793487548828
244_20260826_142000.jpg,2,0.7551654577255249,165.49859619140625,20.462297439575195,177.4985809326172,46.502220153808594
1437_20260831_060125.jpg,0,0.7551582455635071,164.78399658203125,61.8036003112793,173.15042114257812,72.97764587402344
180_20260830_121105.jpg,0,0.7551233768463135,161.8567657470703,29.24396705627441,166.31939697265625,35.96826171875
1427_20260827_181620.jpg,3,0.755092442035675,208.3922882080078,87.66353607177734,228.65939331054688,132.5716094970703
12_20260829_162508.jpg,1,0.7550176978111267,299.9684143066406,248.03173828125,324.0702209472656,287.6606140136719
232_20260825_060037.jpg,1,0.7549758553504944,109.81098175048828,237.12921142578125,127.97002410888672,276.7959899902344
1066_20260831_065605.jpg,0,0.7545188665390015,173.92047119140625,8.964792251586914,179.6981964111328,16.02991485595703
180_20260829_100604.jpg,3,0.7541395425796509,11.212538719177246,128.580078125,27.605297088623047,151.19471740722656
12_20260830_133508.jpg,0,0.7540724873542786,83.46954345703125,239.6281280517578,112.05980682373048,263.3473815917969
12_20260829_092008.jpg,0,0.754001259803772,84.38729858398438,239.69332885742188,112.0175323486328,262.85992431640625
12_20260829_115008.jpg,0,0.7539361715316772,84.456787109375,239.777587890625,112.0360870361328,262.8853759765625
182_20260828_113115.jpg,0,0.7536954879760742,292.9247436523437,138.36587524414062,308.50201416015625,149.92303466796875
172_20260828_063606.jpg,0,0.7536318898200989,180.15538024902344,53.668338775634766,185.129638671875,59.93562316894531
229_20260827_183531.jpg,2,0.7534942626953125,256.9475402832031,120.68415069580078,350.4003295898437,284.8121032714844
214_20260828_105617.jpg,0,0.7532366514205933,156.84408569335938,41.844818115234375,161.6999969482422,46.93059158325195
180_20260825_151106.jpg,0,0.7530176639556885,11.306933403015137,127.63566589355467,26.95948982238769,151.3092498779297
214_20260825_074609.jpg,0,0.753008246421814,178.413330078125,85.17084503173828,190.56504821777344,99.51554107666016
182_20260831_180106.jpg,0,0.7528888583183289,199.3408966064453,108.64511108398438,210.6367950439453,122.65220642089844
182_20260828_140105.jpg,0,0.7528017163276672,182.90020751953125,99.20256805419922,193.90794372558597,114.97335815429688
172_20260826_081606.jpg,1,0.7527399659156799,210.6383056640625,260.7695007324219,225.5702972412109,287.71783447265625
232_20260831_123532.jpg,0,0.752556562423706,185.84336853027344,30.845787048339844,190.25634765625,36.95594787597656
182_20260829_123105.jpg,0,0.7525203824043274,293.0472717285156,138.48655700683594,308.2515563964844,148.86795043945312
232_20260829_062528.jpg,0,0.7525038123130798,204.97373962402344,72.58200073242188,217.16262817382807,88.9530029296875
182_20260825_063609.jpg,0,0.7520490884780884,185.2987365722656,111.79161071777344,194.28948974609372,126.41282653808594
1066_20260826_084603.jpg,1,0.752032995223999,94.08717346191406,30.921846389770508,98.80066680908205,43.9461784362793
232_20260830_163538.jpg,0,0.7518707513809204,153.88658142089844,44.03084182739258,160.68307495117188,51.64854049682617
1407_20260829_192001.jpg,0,0.7518436312675476,186.75271606445312,163.09707641601562,201.82757568359372,190.95252990722656
180_20260828_180630.jpg,0,0.7516413927078247,154.23846435546875,70.86498260498047,165.775390625,83.8970718383789
12_20260825_101508.jpg,0,0.7516002655029297,84.13209533691406,240.66818237304688,111.5167236328125,261.8636169433594
214_20260826_171607.jpg,0,0.7509059309959412,12.698982238769531,179.51214599609375,37.91305923461914,229.3171539306641
232_20260826_092528.jpg,0,0.7506739497184753,178.02593994140625,36.154876708984375,183.07569885253903,41.997650146484375
232_20260828_210031.jpg,0,0.7500147819519043,218.9730987548828,257.0841979980469,257.28839111328125,287.6578063964844
180_20260831_184107.jpg,0,0.7498294711112976,179.4652557373047,106.35638427734376,196.6658172607422,133.8406524658203
1066_20260826_154605.jpg,0,0.749733567237854,109.15142822265624,22.48866081237793,116.20020294189452,31.0963191986084
12_20260829_185508.jpg,0,0.7494324445724487,283.8710327148437,182.01280212402344,351.26617431640625,286.38653564453125
182_20260831_150105.jpg,0,0.7491921186447144,183.45062255859372,97.00540924072266,191.71144104003903,108.3921356201172
232_20260831_123532.jpg,0,0.7491539120674133,191.9963531494141,31.526142120361328,198.3612365722656,41.0106086730957
1437_20260825_063621.jpg,0,0.7488390207290649,194.52984619140625,71.82395935058594,216.7136383056641,89.2200698852539
180_20260831_174106.jpg,0,0.7488094568252563,168.62277221679688,51.65468215942383,178.28253173828125,66.08964538574219
12_20260829_112010.jpg,0,0.7488030195236206,93.62340545654295,69.1995620727539,108.788330078125,86.21994018554688
180_20260831_161105.jpg,0,0.7485120892524719,165.3253631591797,279.1141357421875,195.2925720214844,287.8920288085937
214_20260827_131607.jpg,3,0.7485070824623108,27.087018966674805,139.22451782226562,54.60006713867188,184.71597290039065
182_20260825_184110.jpg,0,0.7482506632804871,192.9333648681641,89.77942657470703,200.89480590820312,98.91992950439452
180_20260827_141104.jpg,0,0.7481001019477844,205.99908447265625,268.8497314453125,240.24285888671875,287.7431640625
1066_20260825_114104.jpg,1,0.748059093952179,90.5463409423828,36.62469100952149,95.89883422851562,50.83910369873047
180_20260831_181107.jpg,0,0.7478400468826294,168.6536407470703,64.79902648925781,180.56842041015625,81.04357147216797
214_20260831_093607.jpg,1,0.7477638721466064,66.70336151123047,254.25491333007807,79.10565185546875,287.6954345703125
12_20260828_165008.jpg,1,0.7472571730613708,302.6940002441406,254.8740234375,324.9318542480469,288.0
12_20260829_155508.jpg,0,0.7469395399093628,83.82361602783203,239.66944885253903,111.74785614013672,261.7096252441406
229_20260826_060052.jpg,2,0.746862530708313,258.2757263183594,119.7351303100586,350.2452392578125,285.1470947265625
214_20260825_131609.jpg,0,0.7467558979988098,76.79822540283203,80.3792724609375,84.18341064453125,87.048828125
1426_20260827_164120.jpg,0,0.7464295625686646,143.5708770751953,0.0,223.33621215820312,46.48637390136719
12_20260825_112008.jpg,0,0.7464199662208557,84.25396728515625,239.90463256835935,112.57451629638672,261.6346130371094
1426_20260828_190622.jpg,3,0.7463871240615845,161.3979949951172,142.60079956054688,178.09841918945312,167.05360412597656
180_20260829_093604.jpg,0,0.7463086247444153,11.364547729492188,127.83821105957033,26.81900787353516,150.973388671875
182_20260829_072603.jpg,0,0.7462556958198547,173.80828857421875,82.76099395751953,178.90972900390625,88.97166442871094
1427_20260825_114119.jpg,0,0.7462409138679504,172.77439880371094,141.00894165039062,199.6693878173828,168.5222625732422
244_20260825_184001.jpg,0,0.7462246417999268,139.0119171142578,44.015743255615234,147.67677307128906,56.75029373168945
1066_20260831_082603.jpg,1,0.7461708188056946,179.9679718017578,34.479000091552734,184.36412048339844,47.38942337036133
182_20260827_090604.jpg,0,0.7455999851226807,185.15814208984372,89.43098449707031,191.5780792236328,97.6176986694336
214_20260831_200608.jpg,0,0.7453737854957581,111.71275329589844,123.14207458496094,125.88864135742188,155.9044952392578
182_20260829_110106.jpg,0,0.7451081871986389,178.85601806640625,76.14156341552734,183.51528930664065,82.95361328125
182_20260831_070110.jpg,0,0.7449319958686829,173.3070526123047,124.54059600830078,184.2683258056641,140.0686492919922
232_20260825_143529.jpg,0,0.7446963787078857,138.02476501464844,51.397003173828125,147.9348602294922,60.91577911376953
1066_20260830_130104.jpg,1,0.7444361448287964,227.9685821533203,121.40184020996094,240.34957885742188,161.2992706298828
180_20260827_154105.jpg,0,0.7436782121658325,108.7829132080078,254.1077423095703,143.07040405273438,288.0
182_20260829_120105.jpg,0,0.7436044812202454,179.74063110351562,84.52506256103516,185.07095336914065,90.90728759765624
232_20260827_090033.jpg,0,0.743532121181488,174.68357849121094,41.02774810791016,181.27908325195312,49.1596794128418
214_20260825_174608.jpg,3,0.7428085207939148,44.7895622253418,123.4932861328125,67.01349639892578,164.46546936035156
244_20260829_172001.jpg,0,0.7427875995635986,135.91567993164062,47.8038444519043,148.53086853027344,61.45293426513672
12_20260828_162008.jpg,0,0.7422863841056824,84.19568634033203,239.51690673828125,112.01797485351562,262.1382141113281
232_20260827_193029.jpg,1,0.7417032122612,157.18235778808594,242.40565490722656,174.0089111328125,287.47735595703125
244_20260825_144000.jpg,0,0.7415828704833984,79.37724304199219,64.89836883544922,90.98280334472656,81.9321060180664
232_20260830_110029.jpg,0,0.7415705919265747,229.1512756347656,273.0413513183594,262.866943359375,287.8841857910156
182_20260830_083108.jpg,0,0.7415511608123779,27.3749942779541,140.866943359375,41.65203475952149,153.5330810546875
1437_20260831_170118.jpg,0,0.741483211517334,175.91900634765625,40.18443298339844,183.0001220703125,50.93700408935547
1066_20260830_160118.jpg,0,0.7413685917854309,171.8697052001953,15.327152252197266,179.04180908203125,24.031572341918945
1437_20260831_063121.jpg,0,0.7413157224655151,162.1135711669922,37.08853530883789,166.77613830566406,43.09134292602539
182_20260825_144109.jpg,0,0.7412208318710327,185.99815368652344,105.0494613647461,194.90513610839844,113.57925415039062
180_20260831_191107.jpg,0,0.7410275936126709,154.43357849121094,83.63233184814453,170.6690216064453,113.83195495605467
172_20260828_133607.jpg,1,0.7406263947486877,250.59646606445312,173.81857299804688,266.846923828125,198.453857421875
1066_20260829_120604.jpg,0,0.7403489351272583,163.09165954589844,11.222545623779297,169.49488830566406,19.051172256469727
1437_20260825_134122.jpg,0,0.7397478818893433,178.3069305419922,49.49834442138672,186.89889526367188,62.03997039794922
232_20260827_200029.jpg,1,0.7395822405815125,0.0,240.35958862304688,11.007719993591309,286.8477478027344
180_20260825_154107.jpg,0,0.7395803928375244,135.9484100341797,68.34666442871094,148.54689025878906,86.36576080322266
12_20260830_133508.jpg,1,0.7393768429756165,46.23764801025391,115.03500366210938,59.02419662475586,138.86529541015625
12_20260829_125011.jpg,0,0.7392610311508179,84.26068115234375,239.7545318603516,111.82676696777344,261.40692138671875
1407_20260829_192001.jpg,1,0.7392033338546753,208.2255096435547,242.42153930664065,218.8633270263672,285.184814453125
214_20260828_172609.jpg,1,0.7391188144683838,123.55316162109376,144.29830932617188,130.3482666015625,167.720703125
180_20260829_143607.jpg,0,0.7386329770088196,12.088788032531738,127.8763427734375,26.590354919433597,151.61512756347656
1437_20260829_101116.jpg,1,0.7380809783935547,303.2162780761719,198.07028198242188,326.1240234375,246.38304138183597
244_20260826_152000.jpg,1,0.7380795478820801,0.0,162.48512268066406,7.587337493896484,187.70738220214844
244_20260826_095000.jpg,0,0.7378523349761963,154.74533081054688,35.393123626708984,163.05540466308594,47.01435852050781
244_20260831_111000.jpg,1,0.7377593517303467,0.0,172.62454223632812,6.7685089111328125,197.2046356201172
172_20260828_133607.jpg,0,0.737497866153717,180.3321228027344,59.58126449584961,186.2060394287109,66.85447692871094
232_20260827_123051.jpg,0,0.7374732494354248,92.46096801757812,255.67100524902344,142.86231994628906,288.0
1427_20260825_151121.jpg,0,0.7371322512626648,220.02435302734372,136.9382781982422,248.96868896484372,182.8804626464844
1427_20260825_104119.jpg,0,0.7371237874031067,309.29852294921875,183.62600708007807,351.4105224609375,213.4551544189453
182_20260829_133110.jpg,0,0.736972987651825,292.2190246582031,138.28890991210938,308.2662353515625,149.32408142089844
180_20260828_090609.jpg,0,0.7364407181739807,163.74986267089844,26.209209442138672,167.66644287109375,31.05860137939453
12_20260829_062007.jpg,0,0.7363052368164062,84.33940124511719,239.8575439453125,112.018798828125,263.5902709960937
214_20260828_192609.jpg,0,0.7357120513916016,74.53241729736328,85.12222290039062,89.23175811767578,99.6635971069336
12_20260825_094008.jpg,0,0.7349347472190857,97.23914337158205,262.07830810546875,158.59446716308594,287.8804931640625
172_20260831_174107.jpg,0,0.7349045276641846,93.18958282470705,247.86053466796875,132.17941284179688,287.5214233398437
12_20260830_180509.jpg,0,0.7345513701438904,83.93705749511719,239.68264770507807,112.15799713134766,261.35498046875
180_20260828_123613.jpg,0,0.7340143322944641,10.98476505279541,127.83029174804688,26.765968322753903,149.98538208007812
232_20260826_065039.jpg,0,0.7335659265518188,5.317237377166748,272.7056579589844,37.89265441894531,287.8661804199219
12_20260827_085008.jpg,1,0.7333183288574219,131.6531524658203,95.57731628417967,145.0483856201172,125.70259857177734
222_20260830_204607.jpg,0,0.7333067655563354,123.29510498046876,90.03115844726562,137.86106872558594,103.25033569335938
180_20260829_120606.jpg,3,0.7332273125648499,137.1204833984375,63.61665725708008,149.3758544921875,85.0218734741211
180_20260830_134604.jpg,0,0.7332105040550232,150.92945861816406,28.12074279785156,156.3988494873047,35.55447006225586
232_20260830_093030.jpg,0,0.7331109046936035,227.4009704589844,272.934814453125,263.3863220214844,287.8978881835937
12_20260830_102010.jpg,0,0.733064591884613,91.34137725830078,260.0536804199219,152.24887084960938,287.855712890625
180_20260830_141605.jpg,0,0.7318460941314697,11.732020378112791,127.77172088623048,26.964385986328125,150.47076416015625
214_20260828_200107.jpg,1,0.7318137288093567,218.80404663085935,125.6150131225586,227.41937255859372,146.1001434326172
180_20260831_101104.jpg,0,0.7317689657211304,11.413530349731444,128.19595336914062,27.05430030822754,150.16004943847656
172_20260825_081106.jpg,0,0.7315727472305298,0.0,236.07009887695312,17.3843936920166,287.8067932128906
182_20260830_103105.jpg,0,0.7315694093704224,178.44363403320312,75.4190444946289,183.6260223388672,83.9685287475586
180_20260828_190605.jpg,0,0.7309918403625488,223.1698455810547,253.2127685546875,264.1563415527344,287.6529846191406
182_20260830_063108.jpg,0,0.730962336063385,183.7612152099609,88.86570739746094,189.1539764404297,95.94586181640624
1426_20260830_100621.jpg,1,0.7308218479156494,205.8253326416016,155.10910034179688,212.6481475830078,169.21575927734375
1426_20260828_163622.jpg,0,0.7308213114738464,210.04991149902344,142.17227172851562,219.4708251953125,152.17495727539062
244_20260825_071000.jpg,0,0.7306964993476868,122.89337921142578,25.778112411499023,130.1668701171875,33.982177734375
1066_20260826_164605.jpg,0,0.7306614518165588,167.48072814941406,31.186019897460938,176.3494415283203,40.99363708496094
180_20260826_181107.jpg,0,0.7306503653526306,138.20191955566406,65.2281723022461,149.33592224121094,81.45054626464844
12_20260828_104511.jpg,1,0.7304965853691101,256.587890625,145.93846130371094,269.7578125,186.5911102294922
244_20260825_114000.jpg,0,0.7304853796958923,77.84957122802734,58.22826385498047,89.37352752685547,72.98281860351562
180_20260829_183605.jpg,0,0.730472207069397,12.145586967468262,128.1505584716797,27.636180877685547,152.02090454101562
214_20260826_164608.jpg,1,0.73026043176651,247.13580322265625,231.92063903808597,260.4073181152344,261.9381103515625
180_20260830_091104.jpg,0,0.7300839424133301,11.653050422668455,128.06613159179688,26.82784652709961,150.20767211914062
1066_20260825_134109.jpg,0,0.7299403548240662,165.81475830078125,8.013916969299316,172.05905151367188,14.049549102783203
222_20260827_181607.jpg,0,0.7298959493637085,170.03797912597656,278.25408935546875,195.45677185058597,287.84326171875
232_20260831_063033.jpg,0,0.729710578918457,89.58969116210938,124.01564025878906,123.4798355102539,160.2798309326172
232_20260825_195029.jpg,0,0.7291863560676575,179.92193603515625,47.94796752929688,188.61782836914065,58.35966491699219
231_20260826_064029.jpg,0,0.7290985584259033,150.39866638183594,40.923789978027344,155.8048095703125,48.0088005065918
244_20260828_134500.jpg,0,0.7289411425590515,168.16415405273438,34.44158172607422,176.3018798828125,45.00529479980469
1066_20260829_160607.jpg,3,0.7286161780357361,91.62413787841795,23.788423538208008,107.5890655517578,46.72185134887695
182_20260825_074104.jpg,0,0.7286140322685242,186.36489868164065,84.7438735961914,193.1056671142578,90.9791259765625
182_20260831_190106.jpg,1,0.7285476922988892,240.4266815185547,258.9143371582031,255.06317138671875,287.9666748046875
232_20260830_190529.jpg,0,0.7283950448036194,171.988525390625,37.90584182739258,175.99520874023438,43.94498825073242
12_20260826_122008.jpg,0,0.7283344864845276,84.61136627197266,239.52493286132807,112.0634536743164,261.7841491699219
1066_20260831_062604.jpg,0,0.7279660105705261,0.407632440328598,162.84886169433594,11.130730628967283,197.880615234375
1437_20260825_164120.jpg,0,0.7279531359672546,93.93631744384766,277.53485107421875,126.69168090820312,287.76287841796875
244_20260825_084000.jpg,1,0.7277676463127136,124.8943328857422,79.39380645751953,132.39295959472656,100.65525817871094
1426_20260827_171120.jpg,0,0.7273632884025574,225.35476684570312,31.759126663208008,262.6195373535156,49.88919448852539
180_20260825_174108.jpg,0,0.7272078394889832,153.99676513671875,69.97122955322266,165.24932861328125,83.8003921508789
180_20260831_161105.jpg,0,0.7271185517311096,129.76499938964844,96.11603546142578,146.4069366455078,125.03843688964844
214_20260828_115617.jpg,0,0.7270199060440063,254.6922607421875,132.63356018066406,284.0390319824219,161.5914764404297
180_20260828_180630.jpg,0,0.7266253232955933,136.60035705566406,71.56023406982422,148.962890625,87.8451156616211
214_20260830_163626.jpg,1,0.7265457510948181,213.8858184814453,128.04669189453125,222.08560180664065,152.8321990966797
232_20260830_060034.jpg,1,0.7265028953552246,89.28234100341797,136.96495056152344,103.34504699707033,166.87916564941406
214_20260825_144610.jpg,0,0.7264809608459473,57.72417449951172,91.86970520019533,72.05652618408203,108.0319366455078
1407_20260829_192001.jpg,1,0.7256307601928711,204.2141876220703,188.1162109375,212.80416870117188,217.65838623046875
12_20260825_112008.jpg,1,0.7255356311798096,290.3010559082031,135.6501922607422,304.0393371582031,156.27804565429688
244_20260830_154500.jpg,0,0.7255050539970398,139.3536834716797,43.607269287109375,151.42880249023438,58.87140655517578
244_20260830_154500.jpg,0,0.7254214882850647,169.05909729003906,33.025123596191406,177.6342010498047,45.196998596191406
1437_20260825_104116.jpg,0,0.725257933139801,167.15350341796875,45.97792434692383,173.53614807128906,52.99921798706055
182_20260830_163623.jpg,0,0.7252020835876465,189.26284790039065,91.5181655883789,195.74154663085935,100.0150375366211
180_20260828_130705.jpg,0,0.7251077890396118,11.51844596862793,127.57191467285156,27.349342346191406,149.91363525390625
214_20260825_181610.jpg,0,0.725007951259613,221.1669921875,233.1424865722656,262.3677062988281,287.74224853515625
232_20260830_153532.jpg,0,0.7249963283538818,228.19830322265625,272.8304138183594,262.31671142578125,287.8832092285156
232_20260826_065039.jpg,0,0.7248864769935608,136.98182678222656,72.54206085205078,152.9774169921875,89.67340850830078
244_20260825_191001.jpg,2,0.7246678471565247,164.7670135498047,23.58302879333496,180.56512451171875,52.10795974731445
180_20260826_171107.jpg,0,0.7246478796005249,133.4916534423828,77.35920715332031,147.6138916015625,94.67556762695312
1437_20260826_101622.jpg,7,0.724557101726532,236.3692169189453,94.44581604003906,278.2572021484375,152.90118408203125
12_20260828_162008.jpg,0,0.7245382070541382,214.2525329589844,50.028907775878906,223.0289001464844,60.98231506347656
1426_20260830_090619.jpg,0,0.7244290113449097,260.7044982910156,275.8999328613281,303.6789245605469,288.0
180_20260829_133607.jpg,0,0.7243042588233948,0.0,89.37265014648438,11.18514347076416,102.2318115234375
1426_20260826_181620.jpg,1,0.7243004441261292,331.98883056640625,189.06576538085935,351.9389953613281,263.75701904296875
180_20260828_153606.jpg,0,0.7242497801780701,152.20379638671875,58.16349792480469,162.9332733154297,75.24292755126953
1066_20260825_154105.jpg,0,0.7237390875816345,0.2343930006027221,135.31309509277344,8.043268203735352,159.74337768554688
180_20260830_184609.jpg,0,0.7234262824058533,136.01324462890625,69.72833251953125,149.28211975097656,86.54954528808594
232_20260831_080028.jpg,0,0.7231258153915405,132.1734619140625,55.63344192504883,143.76356506347656,65.74609375
12_20260828_131511.jpg,0,0.7226051688194275,0.3406224548816681,147.23487854003906,16.021251678466797,179.9420166015625
180_20260830_134604.jpg,0,0.722531259059906,161.969482421875,27.2069091796875,167.354248046875,34.91731643676758
1426_20260831_084119.jpg,0,0.7225029468536377,187.6249237060547,132.22128295898438,193.3489990234375,139.94131469726562
244_20260828_124500.jpg,0,0.7224071025848389,168.40652465820312,36.48769378662109,176.38507080078125,46.99954605102539
214_20260830_073110.jpg,0,0.7223405241966248,75.47644805908203,268.16290283203125,106.47029876708984,287.87994384765625
12_20260830_170509.jpg,0,0.7222226858139038,83.72850799560547,240.0346527099609,112.28970336914062,261.8774108886719
1066_20260825_154105.jpg,0,0.7216963171958923,183.39138793945312,23.274023056030277,191.7969207763672,39.85714721679688
180_20260830_184609.jpg,1,0.7216267585754395,204.89508056640625,191.2885589599609,219.08018493652344,231.30226135253903
232_20260831_080028.jpg,0,0.7214736342430115,173.03582763671875,81.02204132080078,185.0968017578125,97.17308807373048
180_20260828_163607.jpg,0,0.721467137336731,153.20909118652344,73.17937469482422,167.1700439453125,89.3033447265625
244_20260825_161000.jpg,1,0.7214351296424866,189.5162506103516,95.23320770263672,199.53445434570312,125.5300521850586
214_20260825_144610.jpg,1,0.7209862470626831,72.07522583007812,97.50994873046876,77.32249450683594,111.30533599853516
1066_20260828_070603.jpg,0,0.7207573056221008,113.12230682373048,17.98751449584961,123.41864776611328,28.151538848876957
232_20260830_150529.jpg,0,0.7206334471702576,228.41883850097656,272.87353515625,262.6099548339844,287.86541748046875
12_20260826_155009.jpg,1,0.7205374240875244,157.49952697753906,87.9631576538086,174.92723083496094,107.84901428222656
12_20260828_091510.jpg,1,0.7201770544052124,63.77529525756836,217.4947967529297,92.27342224121094,286.96209716796875
244_20260831_194001.jpg,0,0.7200105786323547,162.68414306640625,67.21180725097656,177.1402130126953,91.4926528930664
231_20260828_183529.jpg,0,0.7200093269348145,122.06788635253906,97.69934844970705,137.17408752441406,116.83190155029295
180_20260831_161105.jpg,0,0.7199860215187073,134.10116577148438,77.15567016601562,148.34259033203125,97.01258850097656
244_20260826_162000.jpg,0,0.7199851870536804,159.5500030517578,22.386823654174805,165.3717803955078,30.43404197692871
12_20260826_182009.jpg,1,0.7198054194450378,246.749755859375,131.87281799316406,259.33038330078125,163.85476684570312
12_20260827_112008.jpg,0,0.7197467684745789,172.95761108398438,33.24680709838867,185.9931640625,48.355247497558594
12_20260829_172508.jpg,1,0.7195129990577698,289.4627685546875,214.5111083984375,312.3813171386719,270.3383483886719
1437_20260827_151617.jpg,0,0.7194250226020813,148.0589141845703,44.19430160522461,153.21531677246094,50.0196418762207
180_20260831_101104.jpg,0,0.7193401455879211,163.7725830078125,35.39341735839844,168.967529296875,41.89003753662109
180_20260826_084104.jpg,3,0.719299852848053,11.291337013244627,127.9957046508789,27.50335693359375,150.0049285888672
244_20260829_151500.jpg,0,0.719249963760376,148.92816162109375,28.858800888061523,157.04501342773438,35.98758316040039
180_20260831_074103.jpg,3,0.7190867066383362,12.12228775024414,128.23683166503906,28.230070114135746,151.1549072265625
12_20260826_162009.jpg,0,0.71892249584198,84.40096282958984,239.46923828125,112.03067779541016,262.34307861328125
1426_20260827_184120.jpg,0,0.7188962697982788,211.3437957763672,8.192712783813477,264.2411499023437,48.08428192138672
180_20260827_171105.jpg,0,0.7184693813323975,174.4097900390625,69.75312042236328,187.3651428222656,89.74823760986328
182_20260826_134106.jpg,0,0.7184152007102966,178.696533203125,79.05545043945312,187.0355224609375,90.01693725585938
1066_20260830_203104.jpg,0,0.718276858329773,186.6165771484375,19.419477462768555,194.30914306640625,28.01466941833496
232_20260828_062528.jpg,0,0.7182577848434448,161.2241973876953,50.24987411499024,168.93995666503906,58.93308639526367
180_20260825_084104.jpg,0,0.7181144952774048,12.356881141662598,128.18011474609375,27.629121780395508,152.2572479248047
180_20260826_161107.jpg,0,0.7179228067398071,153.18362426757812,77.35285186767578,167.40872192382812,95.8306121826172
1066_20260829_163608.jpg,0,0.7177027463912964,106.7768325805664,23.85223388671875,117.54135131835938,36.9604377746582
1066_20260829_123606.jpg,0,0.7175317406654358,170.21438598632812,19.81569480895996,179.5829315185547,31.31930160522461
180_20260828_173607.jpg,0,0.7175118327140808,154.351318359375,49.90240097045898,163.7355194091797,62.65042495727539
1426_20260825_161122.jpg,1,0.7173672318458557,236.58816528320312,255.0879669189453,250.9878845214844,287.6748962402344
12_20260830_153510.jpg,0,0.7173244953155518,83.10210418701172,239.7224578857422,111.96430206298828,261.4371337890625
180_20260830_074104.jpg,0,0.7172200679779053,11.852739334106444,128.36508178710938,27.221698760986328,150.17172241210938
214_20260825_081607.jpg,1,0.7160363793373108,121.32788848876952,147.4862823486328,128.84634399414062,173.9547882080078
180_20260826_181107.jpg,0,0.7159213423728943,130.27096557617188,85.53614807128906,146.4536590576172,112.30189514160156
244_20260826_122000.jpg,0,0.7157580256462097,146.9964141845703,31.039775848388672,155.52288818359375,40.760704040527344
180_20260828_180630.jpg,0,0.7157576680183411,132.3768310546875,84.95682525634766,147.035888671875,102.4341812133789
1426_20260827_154120.jpg,0,0.7157353162765503,228.54351806640625,14.708014488220217,281.8393859863281,57.9293327331543
229_20260825_200531.jpg,0,0.7156379222869873,163.66165161132812,91.70746612548828,176.78260803222656,107.10970306396484
214_20260827_145111.jpg,3,0.7156014442443848,45.769927978515625,123.11788940429688,69.10358428955078,159.4816131591797
1426_20260825_194123.jpg,0,0.7155711054801941,321.8962097167969,245.2227478027344,351.92486572265625,287.9028015136719
214_20260825_071824.jpg,1,0.7152890563011169,248.2353973388672,231.76226806640625,260.7631225585937,273.5275573730469
12_20260831_063008.jpg,0,0.7148947715759277,84.15265655517578,239.46815490722656,112.09959411621094,261.2885437011719
1066_20260829_120604.jpg,1,0.7145609259605408,189.88177490234372,71.19774627685547,195.6305389404297,84.80814361572266
12_20260828_081508.jpg,1,0.7143998742103577,136.0936279296875,86.34227752685547,154.66650390625,111.80380249023438
214_20260825_181610.jpg,0,0.7136249542236328,21.65384292602539,148.86753845214844,52.76722717285156,190.9468688964844
1066_20260827_204105.jpg,1,0.7136199474334717,241.67291259765625,161.65159606933594,255.4581298828125,198.2415313720703
232_20260828_170029.jpg,0,0.7133309841156006,160.39114379882812,50.623512268066406,168.33445739746094,59.99910354614258
244_20260829_154500.jpg,0,0.7132242918014526,130.28070068359375,59.663230895996094,143.90975952148438,78.0146484375
231_20260825_093530.jpg,0,0.7131759524345398,166.13278198242188,37.34033584594727,172.54067993164062,44.9419059753418
182_20260827_170608.jpg,0,0.7129982113838196,188.96568298339844,85.8019027709961,193.91094970703125,91.86663055419922
232_20260828_173029.jpg,0,0.712752640247345,182.88333129882807,44.154144287109375,188.9616851806641,52.00978469848633
12_20260831_150508.jpg,0,0.7123767733573914,90.27668762207033,68.10990905761719,107.46054077148438,84.72332000732422
232_20260829_143029.jpg,0,0.7122994065284729,186.12754821777344,33.9390983581543,190.79763793945312,38.92041778564453
182_20260830_143605.jpg,0,0.7121309041976929,292.4019470214844,138.4657745361328,307.969482421875,149.7210693359375
214_20260827_111107.jpg,3,0.7118982076644897,43.57452774047852,122.01578521728516,69.4162826538086,161.0849609375
182_20260829_140105.jpg,0,0.7118090391159058,292.5459289550781,138.1427459716797,308.0704650878906,149.1439971923828
180_20260831_184107.jpg,0,0.7117998600006104,133.0165557861328,87.92782592773438,147.57717895507812,111.60067749023438
1066_20260825_154105.jpg,0,0.7117452621459961,127.98888397216795,9.462550163269045,133.72222900390625,16.927104949951172
12_20260826_162009.jpg,1,0.7114361524581909,36.42222595214844,111.62126922607422,49.43911743164063,141.45089721679688
214_20260831_093607.jpg,2,0.7112926840782166,229.95233154296875,250.47201538085935,287.8415222167969,287.80096435546875
232_20260828_125532.jpg,0,0.7109326124191284,176.45889282226562,38.82315826416016,181.28456115722656,44.98990631103516
1066_20260828_153604.jpg,0,0.710862398147583,166.84596252441406,16.85468864440918,175.66354370117188,28.894851684570312
172_20260827_124308.jpg,1,0.7104974985122681,311.63409423828125,251.23985290527344,329.7157287597656,287.4053039550781
182_20260828_090117.jpg,0,0.7102702856063843,182.3742218017578,86.06864166259766,189.0616607666016,94.8895034790039
214_20260831_103607.jpg,1,0.7102224230766296,141.82334899902344,82.81085205078125,145.6539764404297,95.48607635498048
232_20260830_083029.jpg,0,0.7101420760154724,171.8307342529297,29.410545349121094,176.9921417236328,35.95537567138672
180_20260829_153610.jpg,3,0.7100042700767517,12.484962463378906,128.2776641845703,27.941740036010746,152.03443908691406
182_20260828_113115.jpg,0,0.7098214626312256,179.04510498046875,77.93629455566406,181.90174865722656,82.92637634277344
244_20260827_181501.jpg,1,0.7091891169548035,34.59867477416992,112.31925964355467,41.875858306884766,132.36953735351562
180_20260825_074104.jpg,0,0.7088389992713928,12.079490661621094,128.5536651611328,27.875093460083008,152.51165771484375
214_20260831_083606.jpg,1,0.7084287405014038,214.9682464599609,116.93126678466795,227.0913543701172,131.7799835205078
1066_20260827_124304.jpg,1,0.7080518007278442,162.4945068359375,23.547571182250977,166.66879272460938,35.9901123046875
180_20260826_161107.jpg,0,0.7079448699951172,171.6306915283203,75.46611785888672,184.3765563964844,90.7317886352539
232_20260831_063033.jpg,5,0.7075027823448181,89.63567352294922,123.423095703125,123.58734893798828,160.66104125976562
180_20260825_114104.jpg,0,0.707351803779602,11.3397216796875,127.48863220214844,27.87136650085449,150.11077880859375
214_20260826_084607.jpg,3,0.7070265412330627,44.15647888183594,121.59632873535156,69.2855453491211,159.8360595703125
180_20260831_134105.jpg,0,0.7069609761238098,11.799426078796388,128.34274291992188,27.473878860473636,149.8792266845703
180_20260826_171107.jpg,0,0.7067583799362183,152.9471435546875,69.64591979980469,165.39047241210938,82.72933959960938
12_20260827_192009.jpg,1,0.7066841125488281,104.7668228149414,108.45462799072266,121.00375366210938,159.0953369140625
244_20260831_154000.jpg,0,0.7063503265380859,164.65634155273438,49.90317535400391,176.741455078125,67.5889663696289
214_20260831_073109.jpg,1,0.7063174247741699,134.54627990722656,98.42176055908205,139.81036376953125,114.3181610107422
229_20260828_190531.jpg,0,0.7061949968338013,152.14505004882812,81.68207550048828,161.92630004882812,93.75128173828124
182_20260828_120112.jpg,0,0.7059729099273682,31.0522518157959,135.26902770996094,47.25260162353516,150.52049255371094
1066_20260827_111105.jpg,1,0.7056079506874084,241.26683044433597,169.929443359375,266.1580505371094,216.47171020507807
180_20260831_154122.jpg,0,0.7055084705352783,12.272184371948242,128.4165496826172,27.31998443603516,151.6894073486328
182_20260825_124108.jpg,0,0.7053269743919373,292.5060729980469,138.6780548095703,308.3345642089844,149.16604614257812
244_20260827_111500.jpg,1,0.7050591111183167,0.0,150.2952880859375,12.154973983764648,173.0980987548828
244_20260828_151500.jpg,0,0.705021858215332,74.0715103149414,59.80963516235352,88.68042755126953,76.1473617553711
229_20260825_093531.jpg,2,0.7049874663352966,265.05859375,90.32666778564452,352.0,287.07257080078125
244_20260831_081000.jpg,0,0.7043699026107788,168.25350952148438,25.279268264770508,174.9279022216797,32.99772262573242
182_20260826_064108.jpg,1,0.7043472528457642,236.73410034179688,166.27130126953125,244.4007110595703,190.8851776123047
244_20260826_175001.jpg,0,0.7039914727210999,153.2298583984375,14.599282264709473,159.75604248046875,23.760860443115234
180_20260826_094110.jpg,0,0.7039143443107605,11.299915313720703,127.2126922607422,26.933618545532227,150.4596405029297
12_20260830_153510.jpg,1,0.7038240432739258,16.578521728515625,126.79664611816406,33.96015930175781,162.16854858398438
1437_20260827_154617.jpg,0,0.7037534713745117,152.61831665039062,45.91061019897461,160.29998779296875,54.07283782958984
222_20260825_182107.jpg,1,0.7036389708518982,199.428955078125,258.7003173828125,211.57586669921875,287.3465881347656
180_20260825_181107.jpg,0,0.7034991383552551,12.074979782104492,128.26950073242188,27.83636474609375,151.3765106201172
180_20260828_120711.jpg,0,0.7030141353607178,11.233210563659668,127.27377319335938,27.073810577392575,150.89089965820312
182_20260826_111107.jpg,0,0.7026548385620117,292.5187683105469,138.32151794433594,308.0824890136719,149.26864624023438
12_20260829_132009.jpg,0,0.7025455832481384,84.34767150878906,239.27870178222656,112.050537109375,261.1213684082031
180_20260826_111107.jpg,0,0.7024642825126648,11.269545555114746,127.51573181152344,27.25100326538086,149.7396697998047
222_20260827_201608.jpg,0,0.7021721601486206,164.30474853515625,102.32645416259766,172.71420288085938,111.91032409667967
214_20260828_145609.jpg,1,0.7019398212432861,80.1720199584961,93.87545013427734,85.86903381347656,108.08819580078124
12_20260826_115008.jpg,0,0.7018488049507141,84.41899871826172,239.4625244140625,111.88656616210938,262.048828125
12_20260828_101509.jpg,0,0.7012330293655396,84.28399658203125,239.52127075195312,111.89824676513672,261.9827880859375
180_20260827_171105.jpg,0,0.7011478543281555,136.7755126953125,69.63982391357422,148.7557830810547,85.39623260498047
1066_20260826_111604.jpg,1,0.7007968425750732,0.0878350436687469,116.0854263305664,4.454242706298828,135.58091735839844
182_20260826_134106.jpg,0,0.7007848620414734,193.19493103027344,92.82848358154295,200.11209106445312,100.98296356201172
180_20260828_140606.jpg,0,0.7005634307861328,163.05816650390625,30.941484451293945,168.11590576171875,36.83155822753906
232_20260829_130029.jpg,1,0.7003603577613831,54.7286491394043,261.44451904296875,76.30137634277344,287.7851867675781
229_20260825_130534.jpg,2,0.7003210783004761,257.4908752441406,125.03665161132812,350.28375244140625,284.77252197265625
