image_id,gt_class,x1,y1,x2,y2,w,h
1066_20260825_070604.jpg,2,118,1,132,18,14,17
1066_20260825_081104.jpg,0,106,31,122,46,16,15
1066_20260825_081104.jpg,1,37,96,48,113,11,17
1066_20260825_094104.jpg,0,47,68,54,88,7,20
1066_20260825_101104.jpg,0,90,59,95,74,5,15
1066_20260825_111104.jpg,1,227,83,242,96,15,13
1066_20260825_131109.jpg,0,304,139,337,158,33,19
1066_20260825_161106.jpg,1,263,238,286,288,23,50
1066_20260825_191604.jpg,1,268,155,285,208,17,53
1066_20260825_194605.jpg,0,172,15,180,25,8,10
1066_20260826_064610.jpg,1,238,86,247,114,9,28
1066_20260826_081603.jpg,1,227,80,246,104,19,24
1066_20260826_081603.jpg,6,97,38,116,57,19,19
1066_20260826_091605.jpg,1,109,36,115,53,6,17
1066_20260826_091605.jpg,1,126,17,130,28,4,11
1066_20260826_094607.jpg,0,45,72,54,90,9,18
1066_20260826_094607.jpg,0,90,47,104,73,14,26
1066_20260826_121604.jpg,1,228,82,244,107,16,25
1066_20260826_134605.jpg,1,165,13,169,23,4,10
1066_20260826_141605.jpg,1,44,89,52,108,8,19
1066_20260826_144604.jpg,0,91,39,97,55,6,16
1066_20260826_171604.jpg,6,269,136,325,182,56,46
1066_20260826_181604.jpg,0,38,90,55,110,17,20
1066_20260826_181604.jpg,0,92,23,101,37,9,14
1066_20260826_191605.jpg,0,126,12,134,20,8,8
1066_20260826_194605.jpg,3,90,31,108,70,18,39
1066_20260826_201605.jpg,1,221,80,234,105,13,25
1066_20260826_204605.jpg,1,179,32,184,45,5,13
1066_20260827_104104.jpg,1,235,79,249,97,14,18
1066_20260827_121104.jpg,1,116,19,122,31,6,12
1066_20260827_141104.jpg,1,118,16,122,24,4,8
1066_20260827_154104.jpg,1,108,34,114,47,6,13
1066_20260827_154104.jpg,1,117,16,122,27,5,11
1066_20260827_164104.jpg,0,288,151,299,185,11,34
1066_20260827_164104.jpg,1,119,12,123,24,4,12
1066_20260827_194105.jpg,0,161,10,171,23,10,13
1066_20260827_201105.jpg,1,188,43,193,53,5,10
1066_20260827_204105.jpg,1,125,17,130,28,5,11
1066_20260827_204105.jpg,1,105,26,111,40,6,14
1066_20260828_073604.jpg,0,91,46,95,59,4,13
1066_20260828_080603.jpg,0,100,27,112,39,12,12
1066_20260828_080603.jpg,0,117,25,130,37,13,12
1066_20260828_080603.jpg,0,91,32,103,52,12,20
1066_20260828_080603.jpg,0,90,52,103,73,13,21
1066_20260828_083603.jpg,1,108,32,113,46,5,14
1066_20260828_090607.jpg,0,111,14,121,23,10,9
1066_20260828_090607.jpg,1,121,21,126,31,5,10
1066_20260828_100608.jpg,0,108,22,121,34,13,12
1066_20260828_100608.jpg,1,108,30,114,47,6,17
1066_20260828_103606.jpg,1,185,14,189,22,4,8
1066_20260828_113606.jpg,1,177,12,181,20,4,8
1066_20260828_133604.jpg,1,229,82,244,104,15,22
1066_20260828_140604.jpg,1,13,116,28,149,15,33
1066_20260828_143604.jpg,0,113,27,126,40,13,13
1066_20260828_160604.jpg,0,110,21,123,33,13,12
1066_20260828_163605.jpg,0,107,22,121,33,14,11
1066_20260828_183604.jpg,3,215,61,251,101,36,40
1066_20260828_200606.jpg,0,202,72,234,99,32,27
1066_20260828_203605.jpg,1,189,77,199,109,10,32
1066_20260829_073106.jpg,0,308,146,322,161,14,15
1066_20260829_103604.jpg,2,46,43,53,73,7,30
1066_20260829_133606.jpg,1,50,71,55,93,5,22
1066_20260829_140606.jpg,1,230,79,245,105,15,26
1066_20260829_140606.jpg,1,214,79,221,111,7,32
1066_20260829_140606.jpg,6,45,65,54,90,9,25
1066_20260829_143607.jpg,0,112,20,124,31,12,11
1066_20260829_160607.jpg,1,254,139,279,164,25,25
1066_20260829_183604.jpg,1,121,21,126,33,5,12
1066_20260829_190604.jpg,1,32,68,42,85,10,17
1066_20260829_200604.jpg,0,158,15,169,27,11,12
1066_20260829_203604.jpg,1,257,139,276,174,19,35
1066_20260829_203604.jpg,0,119,22,133,36,14,14
1066_20260829_203604.jpg,1,235,74,246,98,11,24
1066_20260830_073106.jpg,1,236,75,251,97,15,22
1066_20260830_153118.jpg,1,35,95,47,125,12,30
1066_20260830_170105.jpg,1,213,78,230,105,17,27
1066_20260830_170105.jpg,1,97,47,104,68,7,21
1066_20260830_180106.jpg,0,29,98,55,139,26,41
1066_20260830_190107.jpg,0,106,20,119,34,13,14
1066_20260830_193106.jpg,0,171,14,180,26,9,12
1066_20260830_210104.jpg,0,172,15,179,16,7,1
1066_20260830_210104.jpg,1,126,20,130,33,4,13
1066_20260830_210104.jpg,1,118,21,124,35,6,14
1066_20260831_082603.jpg,1,234,81,247,102,13,21
1066_20260831_085603.jpg,1,182,12,187,21,5,9
1066_20260831_092603.jpg,1,227,84,241,105,14,21
1066_20260831_092603.jpg,1,241,81,253,104,12,23
1066_20260831_095603.jpg,0,127,18,134,27,7,9
1066_20260831_102604.jpg,0,106,17,116,27,10,10
1066_20260831_102604.jpg,1,229,81,244,107,15,26
1066_20260831_115604.jpg,3,32,60,54,125,22,65
1066_20260831_130104.jpg,0,111,22,123,34,12,12
1066_20260831_170104.jpg,1,110,34,116,46,6,12
1066_20260831_173104.jpg,0,112,19,124,31,12,12
1066_20260831_183105.jpg,1,123,17,129,30,6,13
1066_20260831_183105.jpg,1,179,50,187,72,8,22
1066_20260831_193105.jpg,1,91,46,97,67,6,21
1066_20260831_200105.jpg,1,189,73,197,103,8,30
1066_20260831_200105.jpg,1,112,27,117,40,5,13
1066_20260831_203104.jpg,1,122,16,127,29,5,13
1066_20260831_210104.jpg,0,166,37,177,55,11,18
1066_20260831_210104.jpg,2,108,5,128,27,20,22
12_20260825_064008.jpg,3,176,21,187,38,11,17
12_20260825_071007.jpg,1,156,47,167,69,11,22
12_20260825_071007.jpg,1,79,95,86,111,7,16
12_20260825_071007.jpg,0,161,28,170,36,9,8
12_20260825_071007.jpg,0,178,29,188,38,10,9
12_20260825_071007.jpg,0,183,21,195,36,12,15
12_20260825_074007.jpg,0,109,70,129,89,20,19
12_20260825_074007.jpg,0,155,26,167,41,12,15
12_20260825_081008.jpg,0,13,143,50,184,37,41
12_20260825_081008.jpg,0,47,113,78,145,31,32
12_20260825_084008.jpg,1,171,32,174,43,3,11
12_20260825_091008.jpg,0,212,42,218,52,6,10
12_20260825_091008.jpg,0,166,20,178,35,12,15
12_20260825_091008.jpg,0,160,27,172,42,12,15
12_20260825_091008.jpg,1,161,50,167,63,6,13
12_20260825_091008.jpg,1,170,36,175,48,5,12
12_20260825_091008.jpg,0,179,23,191,34,12,11
12_20260825_091008.jpg,1,39,106,56,127,17,21
12_20260825_094008.jpg,0,147,42,159,57,12,15
12_20260825_094008.jpg,0,155,36,167,50,12,14
12_20260825_101508.jpg,1,170,33,175,43,5,10
12_20260825_105008.jpg,0,97,68,115,85,18,17
12_20260825_115008.jpg,0,150,40,162,55,12,15
12_20260825_115008.jpg,0,155,34,165,47,10,13
12_20260825_125009.jpg,1,178,21,180,27,2,6
12_20260825_132008.jpg,0,161,21,173,35,12,14
12_20260825_132008.jpg,0,181,22,191,34,10,12
12_20260825_142009.jpg,0,66,100,86,124,20,24
12_20260825_142009.jpg,0,179,24,191,39,12,15
12_20260825_142009.jpg,0,162,25,172,35,10,10
12_20260825_152009.jpg,0,56,112,76,133,20,21
12_20260825_152009.jpg,0,109,60,121,74,12,14
12_20260825_155009.jpg,0,97,52,107,62,10,10
12_20260825_175008.jpg,0,107,55,120,72,13,17
12_20260825_182008.jpg,1,217,56,219,63,2,7
12_20260825_192009.jpg,3,65,69,86,97,21,28
12_20260825_195009.jpg,3,0,74,58,143,58,69
12_20260825_202009.jpg,1,177,56,184,70,7,14
12_20260826_065018.jpg,0,214,47,222,62,8,15
12_20260826_072009.jpg,1,176,28,180,36,4,8
12_20260826_072009.jpg,0,211,46,223,59,12,13
12_20260826_072009.jpg,1,164,48,168,61,4,13
12_20260826_082008.jpg,0,180,22,192,37,12,15
12_20260826_082008.jpg,1,146,82,154,98,8,16
12_20260826_082008.jpg,0,157,30,169,44,12,14
12_20260826_082008.jpg,0,151,35,163,50,12,15
12_20260826_085008.jpg,0,156,29,168,44,12,15
12_20260826_085008.jpg,0,142,40,159,59,17,19
12_20260826_085008.jpg,1,163,45,169,55,6,10
12_20260826_085008.jpg,1,156,54,165,66,9,12
12_20260826_085008.jpg,0,163,22,175,36,12,14
12_20260826_085008.jpg,0,149,35,162,50,13,15
12_20260826_102013.jpg,0,181,14,193,29,12,15
12_20260826_105013.jpg,0,179,25,189,33,10,8
12_20260826_182009.jpg,2,0,90,42,144,42,54
12_20260826_185009.jpg,0,75,97,92,116,17,19
12_20260826_185009.jpg,0,94,39,107,52,13,13
12_20260826_192009.jpg,2,78,53,127,101,49,48
12_20260827_085008.jpg,1,133,110,142,135,9,25
12_20260827_085008.jpg,0,149,33,161,48,12,15
12_20260827_085008.jpg,3,178,20,190,45,12,25
12_20260827_085008.jpg,1,161,56,167,70,6,14
12_20260827_112008.jpg,3,0,122,43,256,43,134
12_20260827_125008.jpg,0,38,108,50,130,12,22
12_20260827_185009.jpg,1,213,60,216,69,3,9
12_20260827_185009.jpg,0,99,39,108,50,9,11
12_20260827_205009.jpg,1,209,50,215,61,6,11
12_20260828_071508.jpg,0,182,18,192,32,10,14
12_20260828_071508.jpg,0,145,43,165,69,20,26
12_20260828_074508.jpg,0,142,45,159,65,17,20
12_20260828_074508.jpg,0,164,23,176,38,12,15
12_20260828_074508.jpg,0,155,32,167,47,12,15
12_20260828_074508.jpg,0,150,41,162,56,12,15
12_20260828_104511.jpg,1,261,168,268,187,7,19
12_20260828_104511.jpg,0,152,33,164,48,12,15
12_20260828_104511.jpg,0,177,29,189,44,12,15
12_20260828_104511.jpg,0,163,17,175,32,12,15
12_20260828_104511.jpg,0,181,18,193,33,12,15
12_20260828_131511.jpg,0,37,123,72,160,35,37
12_20260828_134508.jpg,1,325,226,345,262,20,36
12_20260828_144508.jpg,0,218,55,227,65,9,10
12_20260828_151508.jpg,3,85,67,111,107,26,40
12_20260828_151508.jpg,0,214,52,226,67,12,15
12_20260828_151508.jpg,5,180,14,193,29,13,15
12_20260828_182008.jpg,0,226,70,241,87,15,17
12_20260828_182008.jpg,0,318,139,352,231,34,92
12_20260828_182008.jpg,0,219,61,234,78,15,17
12_20260828_185508.jpg,0,225,74,240,91,15,17
12_20260828_192508.jpg,1,249,100,259,115,10,15
12_20260828_195508.jpg,0,206,43,220,60,14,17
12_20260828_202509.jpg,0,95,39,107,49,12,10
12_20260829_062007.jpg,0,182,17,187,22,5,5
12_20260829_102008.jpg,0,211,36,217,42,6,6
12_20260829_112010.jpg,3,209,29,222,49,13,20
12_20260829_115008.jpg,0,99,64,115,81,16,17
12_20260829_115008.jpg,1,93,75,99,85,6,10
12_20260829_132009.jpg,0,207,38,213,47,6,9
12_20260829_142008.jpg,0,156,31,167,43,11,12
12_20260829_142008.jpg,1,146,86,152,100,6,14
12_20260829_145008.jpg,0,149,35,164,52,15,17
12_20260829_145008.jpg,0,108,59,122,76,14,17
12_20260829_152508.jpg,0,182,17,191,31,9,14
12_20260829_152508.jpg,5,113,53,127,70,14,17
12_20260829_152508.jpg,3,61,92,94,129,33,37
12_20260829_152508.jpg,5,61,92,94,129,33,37
12_20260829_155508.jpg,0,23,131,58,166,35,35
12_20260829_155508.jpg,1,326,225,345,252,19,27
12_20260829_162508.jpg,0,46,109,78,145,32,36
12_20260829_172508.jpg,0,162,22,172,35,10,13
12_20260829_172508.jpg,0,157,29,169,45,12,16
12_20260829_172508.jpg,0,149,38,163,55,14,17
12_20260829_175508.jpg,1,161,50,166,66,5,16
12_20260829_182508.jpg,0,210,53,220,62,10,9
12_20260829_185508.jpg,1,172,34,177,43,5,9
12_20260829_185508.jpg,0,215,50,230,67,15,17
12_20260829_185508.jpg,0,208,41,218,51,10,10
12_20260829_192511.jpg,0,200,36,212,51,12,15
12_20260829_192511.jpg,2,0,66,93,185,93,119
12_20260829_195511.jpg,0,141,40,165,71,24,31
12_20260829_195511.jpg,0,166,18,178,32,12,14
12_20260829_205509.jpg,0,59,109,81,131,22,22
12_20260829_205509.jpg,0,165,40,184,64,19,24
12_20260829_205509.jpg,1,179,65,185,80,6,15
12_20260830_113008.jpg,0,109,60,123,74,14,14
12_20260830_143508.jpg,0,45,116,71,155,26,39
12_20260830_150508.jpg,0,124,46,135,56,11,10
12_20260830_150508.jpg,0,80,88,98,108,18,20
12_20260830_153510.jpg,0,23,130,61,167,38,37
12_20260830_153510.jpg,1,189,22,192,28,3,6
12_20260830_163511.jpg,0,136,55,151,72,15,17
12_20260830_170509.jpg,0,73,99,91,115,18,16
12_20260830_173509.jpg,0,154,33,165,49,11,16
12_20260830_190509.jpg,1,226,174,235,199,9,25
12_20260830_193509.jpg,0,202,41,210,51,8,10
12_20260831_063008.jpg,3,203,29,209,38,6,9
12_20260831_070008.jpg,5,179,23,193,40,14,17
12_20260831_070008.jpg,1,264,115,272,130,8,15
12_20260831_083008.jpg,0,161,25,173,39,12,14
12_20260831_090508.jpg,1,233,72,239,83,6,11
12_20260831_110508.jpg,0,158,29,167,36,9,7
12_20260831_113508.jpg,0,94,50,112,62,18,12
12_20260831_140514.jpg,0,24,133,57,170,33,37
12_20260831_140514.jpg,0,192,17,197,21,5,4
12_20260831_150508.jpg,0,0,177,17,203,17,26
12_20260831_163508.jpg,0,181,23,191,35,10,12
12_20260831_163508.jpg,0,175,29,187,42,12,13
12_20260831_173508.jpg,0,179,30,191,45,12,15
12_20260831_183508.jpg,3,60,68,110,125,50,57
12_20260831_183508.jpg,0,105,63,118,74,13,11
12_20260831_193508.jpg,2,48,63,110,142,62,79
12_20260831_193508.jpg,0,95,41,105,49,10,8
12_20260831_203509.jpg,1,256,112,268,144,12,32
1407_20260825_094000.jpg,0,174,119,186,131,12,12
1407_20260825_094000.jpg,0,207,121,221,133,14,12
1407_20260825_094000.jpg,0,176,108,186,123,10,15
1407_20260825_104000.jpg,0,173,116,185,132,12,16
1407_20260825_124500.jpg,0,190,91,198,102,8,11
1407_20260825_134500.jpg,0,180,89,189,99,9,10
1407_20260825_141500.jpg,0,332,99,347,110,15,11
1407_20260825_151500.jpg,0,200,107,213,121,13,14
1407_20260825_151500.jpg,0,331,102,344,110,13,8
1407_20260825_151500.jpg,0,178,99,187,110,9,11
1407_20260825_174501.jpg,0,199,87,206,95,7,8
1407_20260825_174501.jpg,0,182,92,188,102,6,10
1407_20260825_184501.jpg,0,196,85,201,93,5,8
1407_20260825_184501.jpg,1,192,99,196,110,4,11
1407_20260825_194501.jpg,0,190,86,197,96,7,10
1407_20260825_194501.jpg,0,182,95,188,104,6,9
1407_20260826_072500.jpg,0,191,86,197,92,6,6
1407_20260826_072500.jpg,1,185,91,188,100,3,9
1407_20260826_075500.jpg,1,202,90,204,98,2,8
1407_20260826_075500.jpg,1,193,88,195,96,2,8
1407_20260826_105500.jpg,0,190,92,198,103,8,11
1407_20260826_105500.jpg,0,178,98,187,110,9,12
1407_20260826_105500.jpg,0,189,108,199,120,10,12
1407_20260826_105500.jpg,0,174,110,187,127,13,17
1407_20260826_105500.jpg,0,267,157,279,174,12,17
1407_20260826_112500.jpg,0,189,101,199,110,10,9
1407_20260826_115500.jpg,0,341,101,352,110,11,9
1407_20260826_115500.jpg,0,176,109,187,125,11,16
1407_20260826_115500.jpg,3,190,97,200,119,10,22
1407_20260826_115500.jpg,0,324,103,338,111,14,8
1407_20260826_122500.jpg,0,200,95,208,104,8,9
1407_20260826_122500.jpg,0,190,100,199,109,9,9
1407_20260826_122500.jpg,0,204,102,211,109,7,7
1407_20260826_125500.jpg,0,201,89,209,98,8,9
1407_20260826_135500.jpg,0,200,96,209,104,9,8
1407_20260826_142500.jpg,0,183,89,189,95,6,6
1407_20260826_142500.jpg,0,190,88,198,96,8,8
1407_20260826_142500.jpg,1,184,102,187,112,3,10
1407_20260826_142500.jpg,0,199,89,206,97,7,8
1407_20260826_155500.jpg,0,177,102,188,113,11,11
1407_20260826_162500.jpg,0,201,96,212,105,11,9
1407_20260826_165500.jpg,0,200,93,207,101,7,8
1407_20260826_165500.jpg,0,190,95,198,104,8,9
1407_20260826_165500.jpg,0,182,96,188,105,6,9
1407_20260826_172501.jpg,1,205,97,208,108,3,11
1407_20260826_172501.jpg,0,175,112,185,123,10,11
1407_20260826_175501.jpg,0,200,104,208,115,8,11
1407_20260826_182501.jpg,0,192,94,200,105,8,11
1407_20260826_192501.jpg,0,319,99,333,110,14,11
1407_20260827_085000.jpg,0,200,86,206,95,6,9
1407_20260827_085000.jpg,0,191,96,198,105,7,9
1407_20260827_092000.jpg,3,178,92,186,110,8,18
1407_20260827_092000.jpg,0,190,98,199,105,9,7
1407_20260827_092000.jpg,0,199,94,207,100,8,6
1407_20260827_105000.jpg,0,191,100,198,107,7,7
1407_20260827_105000.jpg,0,191,94,199,102,8,8
1407_20260827_105000.jpg,0,201,104,211,115,10,11
1407_20260827_105000.jpg,0,201,94,208,100,7,6
1407_20260827_105000.jpg,1,183,113,186,126,3,13
1407_20260827_105000.jpg,1,212,268,225,288,13,20
1407_20260827_105000.jpg,1,128,147,132,163,4,16
1407_20260827_112000.jpg,0,190,95,198,102,8,7
1407_20260827_115000.jpg,1,164,264,176,288,12,24
1407_20260827_122000.jpg,0,191,89,198,96,7,7
1407_20260827_122000.jpg,3,200,88,207,100,7,12
1407_20260827_125000.jpg,1,198,89,201,98,3,9
1407_20260827_125000.jpg,0,181,93,188,102,7,9
1407_20260827_132000.jpg,0,180,96,189,107,9,11
1407_20260827_132000.jpg,0,200,91,206,101,6,10
1407_20260827_152000.jpg,0,125,143,136,157,11,14
1407_20260827_152000.jpg,0,198,99,207,109,9,10
1407_20260827_155000.jpg,0,201,98,210,110,9,12
1407_20260827_185501.jpg,0,210,116,228,130,18,14
1407_20260827_192501.jpg,0,191,86,198,93,7,7
1407_20260827_210001.jpg,0,192,88,198,95,6,7
1407_20260828_065500.jpg,0,191,87,198,94,7,7
1407_20260828_085500.jpg,1,183,129,187,144,4,15
1407_20260828_085500.jpg,1,182,107,186,118,4,11
1407_20260828_085500.jpg,0,181,93,188,102,7,9
1407_20260828_085500.jpg,0,190,95,199,105,9,10
1407_20260828_085500.jpg,0,201,98,209,109,8,11
1407_20260828_092500.jpg,4,190,110,197,126,7,16
1407_20260828_092500.jpg,0,191,90,197,101,6,11
1407_20260828_095500.jpg,1,200,122,205,136,5,14
1407_20260828_095500.jpg,0,189,96,198,105,9,9
1407_20260828_102500.jpg,1,190,98,194,112,4,14
1407_20260828_102500.jpg,0,200,99,207,109,7,10
1407_20260828_102500.jpg,0,200,91,206,99,6,8
1407_20260828_112500.jpg,0,123,145,136,162,13,17
1407_20260828_115500.jpg,0,200,87,208,98,8,11
1407_20260828_115500.jpg,0,121,145,136,163,15,18
1407_20260828_115500.jpg,1,185,107,188,117,3,10
1407_20260828_115500.jpg,0,180,97,188,104,8,7
1407_20260828_122500.jpg,0,177,111,186,122,9,11
1407_20260828_122500.jpg,0,201,99,209,107,8,8
1407_20260828_122500.jpg,0,179,99,187,108,8,9
1407_20260828_122500.jpg,0,202,107,212,117,10,10
1407_20260828_122500.jpg,0,171,121,183,140,12,19
1407_20260828_122500.jpg,3,230,266,270,288,40,22
1407_20260828_125500.jpg,0,200,98,210,111,10,13
1407_20260828_125500.jpg,3,201,86,209,100,8,14
1407_20260828_142500.jpg,1,175,120,178,134,3,14
1407_20260828_142500.jpg,0,329,101,344,110,15,9
1407_20260828_152500.jpg,0,200,98,207,109,7,11
1407_20260828_152500.jpg,0,201,91,206,99,5,8
1407_20260828_152500.jpg,0,181,95,188,105,7,10
1407_20260828_155500.jpg,0,192,87,198,95,6,8
1407_20260828_155500.jpg,0,198,90,205,98,7,8
1407_20260828_155500.jpg,1,217,123,222,135,5,12
1407_20260828_155500.jpg,0,196,105,206,116,10,11
1407_20260828_155500.jpg,0,201,98,209,108,8,10
1407_20260828_155500.jpg,0,183,88,189,97,6,9
1407_20260828_172501.jpg,2,199,85,209,100,10,15
1407_20260828_175501.jpg,0,190,102,199,110,9,8
1407_20260828_175501.jpg,0,201,103,210,113,9,10
1407_20260828_175501.jpg,0,190,96,198,102,8,6
1407_20260828_192501.jpg,0,199,86,205,94,6,8
1407_20260829_082000.jpg,0,200,89,206,101,6,12
1407_20260829_092000.jpg,0,190,91,198,101,8,10
1407_20260829_102000.jpg,0,192,87,198,96,6,9
1407_20260829_105000.jpg,0,200,89,207,98,7,9
1407_20260829_112000.jpg,0,200,90,208,107,8,17
1407_20260829_112000.jpg,0,180,94,189,106,9,12
1407_20260829_115000.jpg,0,202,98,211,107,9,9
1407_20260829_115000.jpg,0,201,92,208,98,7,6
1407_20260829_115000.jpg,0,191,93,198,100,7,7
1407_20260829_122000.jpg,0,200,94,208,104,8,10
1407_20260829_125000.jpg,0,188,117,202,129,14,12
1407_20260829_125000.jpg,0,175,110,186,122,11,12
1407_20260829_125000.jpg,0,201,93,209,101,8,8
1407_20260829_125000.jpg,0,179,100,188,109,9,9
1407_20260829_125000.jpg,0,191,92,198,99,7,7
1407_20260829_125000.jpg,0,189,99,198,109,9,10
1407_20260829_132000.jpg,0,201,93,209,101,8,8
1407_20260829_132000.jpg,0,203,112,213,124,10,12
1407_20260829_135000.jpg,5,190,90,197,105,7,15
1407_20260829_135000.jpg,1,187,136,192,150,5,14
1407_20260829_142000.jpg,0,177,104,187,116,10,12
1407_20260829_142000.jpg,0,179,95,187,106,8,11
1407_20260829_145000.jpg,0,202,101,211,108,9,7
1407_20260829_145000.jpg,0,190,107,199,120,9,13
1407_20260829_145000.jpg,0,201,108,210,118,9,10
1407_20260829_145000.jpg,0,176,114,186,130,10,16
1407_20260829_145000.jpg,0,177,102,187,117,10,15
1407_20260829_152000.jpg,0,176,108,186,124,10,16
1407_20260829_152000.jpg,0,188,108,198,117,10,9
1407_20260829_152000.jpg,0,202,106,210,119,8,13
1407_20260829_155000.jpg,0,189,108,200,118,11,10
1407_20260829_155000.jpg,0,190,99,199,108,9,9
1407_20260829_155000.jpg,0,182,89,189,95,7,6
1407_20260829_155000.jpg,0,201,91,208,98,7,7
1407_20260829_155000.jpg,0,202,99,209,108,7,9
1407_20260829_162000.jpg,0,202,103,211,118,9,15
1407_20260829_162000.jpg,0,178,107,187,115,9,8
1407_20260829_162000.jpg,0,191,93,198,100,7,7
1407_20260829_162000.jpg,0,182,92,189,99,7,7
1407_20260829_162000.jpg,0,200,92,207,99,7,7
1407_20260829_162000.jpg,0,180,99,188,106,8,7
1407_20260829_162000.jpg,0,190,100,199,111,9,11
1407_20260829_162000.jpg,0,123,142,136,159,13,17
1407_20260829_172001.jpg,0,202,107,212,115,10,8
1407_20260829_172001.jpg,0,181,91,188,103,7,12
1407_20260829_172001.jpg,0,187,108,197,120,10,12
1407_20260829_172001.jpg,0,211,138,222,145,11,7
1407_20260829_172001.jpg,0,192,98,199,106,7,8
1407_20260829_172001.jpg,0,201,98,209,106,8,8
1407_20260829_172001.jpg,0,201,94,209,100,8,6
1407_20260829_175001.jpg,0,202,115,213,125,11,10
1407_20260829_175001.jpg,0,189,105,199,115,10,10
1407_20260829_175001.jpg,0,200,96,210,111,10,15
1407_20260829_175001.jpg,0,174,116,185,127,11,11
1407_20260829_175001.jpg,0,176,107,187,119,11,12
1407_20260829_175001.jpg,0,180,95,188,103,8,8
1407_20260829_192001.jpg,0,217,181,235,200,18,19
1407_20260829_205001.jpg,0,189,107,199,120,10,13
1407_20260829_205001.jpg,1,183,123,187,136,4,13
1407_20260830_071500.jpg,1,199,93,202,103,3,10
1407_20260830_094500.jpg,0,200,88,208,98,8,10
1407_20260830_122000.jpg,0,198,88,205,98,7,10
1407_20260830_125000.jpg,0,188,97,198,104,10,7
1407_20260830_125000.jpg,0,180,93,187,99,7,6
1407_20260830_125000.jpg,0,182,87,189,94,7,7
1407_20260830_135000.jpg,0,200,88,207,95,7,7
1407_20260830_142000.jpg,0,178,104,187,115,9,11
1407_20260830_142000.jpg,0,174,116,186,128,12,12
1407_20260830_142000.jpg,0,203,125,219,145,16,20
1407_20260830_142000.jpg,0,188,112,198,125,10,13
1407_20260830_142000.jpg,0,189,103,199,114,10,11
1407_20260830_142000.jpg,0,170,128,186,142,16,14
1407_20260830_145000.jpg,2,193,86,204,101,11,15
1407_20260830_152000.jpg,0,200,93,207,102,7,9
1407_20260830_152000.jpg,0,201,100,211,113,10,13
1407_20260830_162000.jpg,0,185,92,191,100,6,8
1407_20260830_162000.jpg,1,191,98,193,105,2,7
1407_20260830_175001.jpg,0,181,87,189,101,8,14
1407_20260831_064500.jpg,0,183,88,190,98,7,10
1407_20260831_081500.jpg,0,183,88,191,95,8,7
1407_20260831_084500.jpg,0,191,87,198,97,7,10
1407_20260831_091500.jpg,0,333,100,345,110,12,10
1407_20260831_094500.jpg,1,211,104,215,115,4,11
1407_20260831_094500.jpg,0,181,96,190,108,9,12
1407_20260831_101500.jpg,0,182,93,188,100,6,7
1407_20260831_104500.jpg,0,182,89,188,100,6,11
1407_20260831_104500.jpg,0,193,89,199,98,6,9
1407_20260831_104500.jpg,0,200,86,205,94,5,8
1407_20260831_111500.jpg,0,176,103,185,115,9,12
1407_20260831_121500.jpg,0,190,100,199,116,9,16
1407_20260831_124500.jpg,0,199,105,209,118,10,13
1407_20260831_135000.jpg,0,191,93,198,101,7,8
1407_20260831_135000.jpg,0,180,99,186,108,6,9
1407_20260831_135000.jpg,0,202,103,213,116,11,13
1407_20260831_162000.jpg,0,190,87,196,91,6,4
1407_20260831_182001.jpg,0,189,98,198,108,9,10
1407_20260831_182001.jpg,0,322,104,335,111,13,7
1407_20260831_182001.jpg,0,175,107,186,121,11,14
1407_20260831_182001.jpg,0,200,92,208,101,8,9
1407_20260831_182001.jpg,0,188,120,198,133,10,13
1407_20260831_182001.jpg,0,338,103,350,111,12,8
1426_20260825_104119.jpg,1,301,141,325,219,24,78
1426_20260825_114119.jpg,1,278,24,298,61,20,37
1426_20260825_114119.jpg,3,299,93,352,288,53,195
1426_20260825_114119.jpg,3,208,0,348,288,140,288
1426_20260825_124123.jpg,3,219,0,338,191,119,191
1426_20260825_164122.jpg,0,259,0,314,65,55,65
1426_20260825_181122.jpg,1,303,56,339,119,36,63
1426_20260825_181122.jpg,0,257,0,309,35,52,35
1426_20260825_184125.jpg,0,260,0,304,35,44,35
1426_20260825_184125.jpg,1,302,63,325,113,23,50
1426_20260825_191124.jpg,7,300,58,352,288,52,230
1426_20260825_194123.jpg,7,300,59,352,288,52,229
1426_20260826_084619.jpg,0,198,0,262,89,64,89
1426_20260826_101625.jpg,3,247,0,324,101,77,101
1426_20260826_101625.jpg,5,136,25,241,282,105,257
1426_20260826_181620.jpg,1,305,74,334,126,29,52
1426_20260826_181620.jpg,5,260,0,311,39,51,39
1426_20260826_184620.jpg,1,305,75,333,126,28,51
1426_20260826_191620.jpg,7,216,0,346,288,130,288
1426_20260826_191620.jpg,7,285,0,342,128,57,128
1426_20260826_201620.jpg,7,231,0,313,121,82,121
1426_20260827_154120.jpg,0,264,0,318,97,54,97
1426_20260827_161120.jpg,0,261,0,299,20,38,20
1426_20260827_164120.jpg,0,272,0,310,30,38,30
1426_20260827_171120.jpg,0,261,0,310,30,49,30
1426_20260827_174120.jpg,0,262,0,310,31,48,31
1426_20260827_181120.jpg,1,299,54,325,101,26,47
1426_20260827_184120.jpg,1,331,120,345,168,14,48
1426_20260827_201122.jpg,3,265,0,302,38,37,38
1426_20260827_201122.jpg,0,202,0,268,48,66,48
1426_20260827_204122.jpg,3,260,0,304,43,44,43
1426_20260828_090625.jpg,1,96,0,119,29,23,29
1426_20260828_123630.jpg,0,199,133,205,138,6,5
1426_20260828_160621.jpg,0,198,130,204,138,6,8
1426_20260828_173622.jpg,0,199,131,204,137,5,6
1426_20260828_183622.jpg,7,224,147,243,179,19,32
1426_20260828_190622.jpg,7,225,148,244,178,19,30
1426_20260828_190622.jpg,7,236,154,266,201,30,47
1426_20260828_200622.jpg,7,301,203,352,288,51,85
1426_20260829_073123.jpg,0,205,128,210,134,5,6
1426_20260829_103619.jpg,0,200,131,205,137,5,6
1426_20260829_163623.jpg,7,226,147,243,179,17,32
1426_20260829_163623.jpg,7,237,156,263,204,26,48
1426_20260829_170623.jpg,7,236,157,265,204,29,47
1426_20260829_170623.jpg,7,225,149,242,179,17,30
1426_20260829_183622.jpg,7,218,142,233,168,15,26
1426_20260829_190620.jpg,7,229,150,250,186,21,36
1426_20260829_190620.jpg,7,218,142,235,168,17,26
1426_20260830_154133.jpg,7,215,141,229,164,14,23
1426_20260830_164131.jpg,7,224,146,243,176,19,30
1426_20260830_164131.jpg,7,235,154,259,189,24,35
1426_20260831_084119.jpg,0,188,128,193,135,5,7
1426_20260831_091119.jpg,1,187,135,189,140,2,5
1426_20260831_164120.jpg,7,203,132,213,144,10,12
1426_20260831_164120.jpg,7,234,153,261,197,27,44
1426_20260831_164120.jpg,7,222,146,242,177,20,31
1426_20260831_171120.jpg,7,222,146,242,177,20,31
1426_20260831_171120.jpg,7,234,153,261,197,27,44
1426_20260831_204122.jpg,7,226,149,248,187,22,38
1427_20260825_074120.jpg,1,131,104,142,118,11,14
1427_20260825_104119.jpg,3,137,251,199,288,62,37
1427_20260825_151121.jpg,0,198,79,207,87,9,8
1427_20260825_161122.jpg,1,191,78,195,86,4,8
1427_20260825_181122.jpg,1,187,77,189,82,2,5
1427_20260825_181122.jpg,0,208,85,220,96,12,11
1427_20260825_181122.jpg,1,202,78,204,83,2,5
1427_20260825_181122.jpg,1,187,83,188,91,1,8
1427_20260825_194123.jpg,3,248,249,320,288,72,39
1427_20260826_111620.jpg,0,187,72,191,77,4,5
1427_20260826_134620.jpg,0,199,72,202,76,3,4
1427_20260826_151622.jpg,0,191,86,201,96,10,10
1427_20260826_154621.jpg,0,200,72,207,80,7,8
1427_20260826_161620.jpg,1,311,256,337,287,26,31
1427_20260826_174622.jpg,1,295,248,332,280,37,32
1427_20260826_174622.jpg,0,184,78,188,82,4,4
1427_20260826_181620.jpg,1,295,248,332,280,37,32
1427_20260826_184620.jpg,1,295,252,328,283,33,31
1427_20260826_201620.jpg,3,163,149,237,287,74,138
1427_20260827_101120.jpg,1,297,242,319,285,22,43
1427_20260827_104119.jpg,1,297,245,319,287,22,42
1427_20260827_111120.jpg,1,295,244,316,286,21,42
1427_20260827_121119.jpg,1,297,242,319,284,22,42
1427_20260827_124412.jpg,1,296,239,318,281,22,42
1427_20260827_131119.jpg,1,296,225,318,284,22,59
1427_20260827_134119.jpg,1,295,230,318,286,23,56
1427_20260827_134119.jpg,0,189,79,195,86,6,7
1427_20260827_141119.jpg,1,297,242,320,288,23,46
1427_20260827_144120.jpg,1,296,241,319,288,23,47
1427_20260827_151619.jpg,0,199,85,206,94,7,9
1427_20260827_151619.jpg,1,133,102,139,115,6,13
1427_20260827_154620.jpg,0,178,75,185,84,7,9
1427_20260827_154620.jpg,1,297,242,313,286,16,44
1427_20260827_161620.jpg,1,298,241,314,285,16,44
1427_20260827_164620.jpg,1,297,244,314,288,17,44
1427_20260827_171620.jpg,1,299,241,321,284,22,43
1427_20260828_061119.jpg,1,202,78,206,91,4,13
1427_20260828_124126.jpg,0,195,73,200,77,5,4
1427_20260828_141120.jpg,1,296,231,319,270,23,39
1427_20260828_151120.jpg,0,199,77,205,84,6,7
1427_20260828_154620.jpg,1,240,113,251,138,11,25
1427_20260828_161620.jpg,1,299,230,316,271,17,41
1427_20260828_161620.jpg,0,199,73,204,80,5,7
1427_20260828_164620.jpg,1,304,229,324,260,20,31
1427_20260828_174620.jpg,1,299,230,314,273,15,43
1427_20260828_181621.jpg,1,297,233,320,270,23,37
1427_20260828_204620.jpg,3,207,87,229,113,22,26
1427_20260829_061122.jpg,2,218,242,302,287,84,45
1427_20260829_061122.jpg,3,218,242,302,287,84,45
1427_20260829_134620.jpg,1,298,235,313,262,15,27
1427_20260829_141620.jpg,1,189,77,197,96,8,19
1427_20260829_161621.jpg,0,209,92,224,110,15,18
1427_20260829_161621.jpg,1,300,230,320,274,20,44
1427_20260829_164622.jpg,1,300,234,313,277,13,43
1427_20260829_184620.jpg,3,208,101,236,119,28,18
1427_20260830_104620.jpg,3,125,168,216,288,91,120
1427_20260830_121619.jpg,0,195,69,201,78,6,9
1427_20260830_134619.jpg,1,299,232,323,286,24,54
1427_20260830_141620.jpg,1,298,234,323,283,25,49
1427_20260830_161643.jpg,3,230,198,332,288,102,90
1427_20260830_164626.jpg,1,298,228,315,272,17,44
1427_20260830_171624.jpg,1,299,230,317,273,18,43
1427_20260830_171624.jpg,1,320,254,337,288,17,34
1427_20260830_174624.jpg,1,299,230,325,273,26,43
1427_20260830_174624.jpg,1,318,263,344,288,26,25
1427_20260830_181623.jpg,1,320,256,337,288,17,32
1427_20260830_181623.jpg,1,299,232,316,275,17,43
1427_20260831_124119.jpg,1,299,233,315,269,16,36
1427_20260831_131120.jpg,1,300,230,316,266,16,36
1427_20260831_154150.jpg,1,315,255,337,288,22,33
1427_20260831_164120.jpg,1,318,262,334,288,16,26
1427_20260831_164120.jpg,1,300,238,317,273,17,35
1427_20260831_171120.jpg,1,300,222,314,275,14,53
1427_20260831_171120.jpg,1,317,263,332,288,15,25
1427_20260831_174120.jpg,1,299,228,314,281,15,53
1427_20260831_174120.jpg,1,319,262,333,288,14,26
1427_20260831_181120.jpg,1,298,230,327,266,29,36
1427_20260831_181120.jpg,1,311,262,340,288,29,26
1427_20260831_191122.jpg,3,132,212,217,288,85,76
1437_20260825_070617.jpg,0,201,119,216,130,15,11
1437_20260825_091116.jpg,1,156,53,160,62,4,9
1437_20260825_111117.jpg,0,237,166,247,187,10,21
1437_20260825_134122.jpg,0,272,180,284,204,12,24
1437_20260825_141118.jpg,0,0,144,32,181,32,37
1437_20260825_144120.jpg,0,0,135,31,180,31,45
1437_20260825_164120.jpg,0,209,81,236,95,27,14
1437_20260825_171119.jpg,1,164,45,168,54,4,9
1437_20260825_171119.jpg,1,151,46,155,56,4,10
1437_20260825_204120.jpg,1,165,69,180,94,15,25
1437_20260826_064122.jpg,0,211,83,234,95,23,12
1437_20260826_111617.jpg,0,273,180,283,203,10,23
1437_20260826_141618.jpg,1,257,177,268,196,11,19
1437_20260826_164617.jpg,0,176,41,183,48,7,7
1437_20260827_174617.jpg,0,273,180,283,201,10,21
1437_20260827_184618.jpg,0,273,179,283,200,10,21
1437_20260827_194617.jpg,1,157,52,162,66,5,14
1437_20260828_081117.jpg,1,206,72,212,86,6,14
1437_20260828_101120.jpg,0,315,250,352,287,37,37
1437_20260828_121127.jpg,2,168,72,192,97,24,25
1437_20260829_070616.jpg,1,258,259,273,288,15,29
1437_20260829_191117.jpg,1,191,108,200,133,9,25
1437_20260830_120619.jpg,1,207,83,219,95,12,12
1437_20260831_090118.jpg,0,165,56,178,72,13,16
1437_20260831_130117.jpg,0,273,180,283,200,10,20
172_20260825_094106.jpg,1,173,67,176,75,3,8
172_20260825_134111.jpg,1,177,63,178,71,1,8
172_20260826_081606.jpg,1,237,206,244,229,7,23
172_20260827_204107.jpg,1,174,68,176,76,2,8
172_20260828_113608.jpg,0,5,238,44,287,39,49
172_20260828_180630.jpg,0,185,70,190,76,5,6
172_20260828_200609.jpg,0,171,62,179,72,8,10
172_20260829_114106.jpg,4,206,107,216,127,10,20
180_20260825_084104.jpg,1,168,51,171,61,3,10
180_20260825_174108.jpg,1,147,94,151,106,4,12
180_20260826_111107.jpg,1,192,95,198,107,6,12
180_20260826_164107.jpg,1,163,46,165,53,2,7
180_20260828_133606.jpg,0,211,125,224,144,13,19
180_20260828_160606.jpg,3,155,66,168,82,13,16
180_20260828_180630.jpg,1,192,147,199,168,7,21
180_20260831_121104.jpg,1,169,39,171,46,2,7
180_20260831_161105.jpg,1,202,109,208,132,6,23
182_20260825_084104.jpg,0,321,105,337,120,16,15
182_20260825_084104.jpg,1,311,179,329,207,18,28
182_20260825_101105.jpg,0,319,103,339,122,20,19
182_20260825_104104.jpg,0,326,105,342,120,16,15
182_20260825_111104.jpg,0,319,105,338,122,19,17
182_20260825_121105.jpg,0,320,107,335,121,15,14
182_20260825_124108.jpg,0,320,106,337,123,17,17
182_20260825_131110.jpg,0,320,105,335,121,15,16
182_20260825_141106.jpg,0,319,107,337,122,18,15
182_20260825_144109.jpg,0,50,128,61,140,11,12
182_20260825_144109.jpg,0,319,106,334,121,15,15
182_20260825_151107.jpg,0,45,132,59,147,14,15
182_20260825_161107.jpg,0,20,149,36,165,16,16
182_20260825_164108.jpg,0,322,109,339,123,17,14
182_20260825_164108.jpg,0,286,93,297,102,11,9
182_20260825_164108.jpg,3,333,141,352,178,19,37
182_20260825_174108.jpg,0,322,106,340,124,18,18
182_20260825_174108.jpg,0,338,153,352,172,14,19
182_20260825_191109.jpg,0,316,106,338,123,22,17
182_20260825_194109.jpg,0,315,156,341,188,26,32
182_20260825_194109.jpg,0,42,136,55,151,13,15
182_20260826_071116.jpg,0,0,174,3,187,3,13
182_20260826_101108.jpg,0,69,117,80,128,11,11
182_20260826_101108.jpg,0,40,136,51,147,11,11
182_20260826_104107.jpg,0,319,106,338,121,19,15
182_20260826_114106.jpg,0,50,130,61,143,11,13
182_20260826_131106.jpg,3,56,118,72,134,16,16
182_20260826_154108.jpg,0,5,160,19,175,14,15
182_20260826_161107.jpg,0,60,120,74,132,14,12
182_20260826_161107.jpg,0,19,144,34,160,15,16
182_20260826_164107.jpg,0,18,145,35,161,17,16
182_20260826_174107.jpg,0,18,155,35,172,17,17
182_20260826_174107.jpg,0,46,136,60,149,14,13
182_20260826_181107.jpg,0,36,141,48,152,12,11
182_20260826_191107.jpg,1,155,123,161,137,6,14
182_20260826_201107.jpg,0,318,106,334,124,16,18
182_20260826_204105.jpg,0,319,108,335,124,16,16
182_20260826_204105.jpg,0,33,136,45,150,12,14
182_20260827_093604.jpg,0,326,104,342,120,16,16
182_20260827_100609.jpg,0,326,107,341,121,15,14
182_20260827_110604.jpg,0,326,107,343,121,17,14
182_20260827_113605.jpg,0,322,110,337,123,15,13
182_20260827_120604.jpg,0,322,111,339,124,17,13
182_20260827_123640.jpg,0,265,131,275,139,10,8
182_20260827_130618.jpg,0,321,109,339,123,18,14
182_20260827_130618.jpg,1,21,158,28,170,7,12
182_20260827_130618.jpg,3,36,136,51,152,15,16
182_20260827_133609.jpg,1,318,174,336,198,18,24
182_20260827_133609.jpg,0,322,110,339,124,17,14
182_20260827_140608.jpg,0,322,110,338,124,16,14
182_20260827_143609.jpg,0,322,110,338,123,16,13
182_20260827_150608.jpg,0,322,111,338,124,16,13
182_20260827_150608.jpg,0,50,129,63,141,13,12
182_20260827_153611.jpg,0,7,162,24,182,17,20
182_20260827_163608.jpg,0,0,172,6,181,6,9
182_20260827_170608.jpg,1,181,96,188,106,7,10
182_20260827_170608.jpg,1,196,106,202,120,6,14
182_20260827_190607.jpg,0,44,135,60,148,16,13
182_20260827_190607.jpg,0,319,108,333,122,14,14
182_20260827_200605.jpg,0,0,168,15,188,15,20
182_20260827_200605.jpg,0,34,139,48,154,14,15
182_20260827_203605.jpg,0,49,126,61,137,12,11
182_20260828_073108.jpg,1,239,189,261,217,22,28
182_20260828_073108.jpg,0,319,105,336,123,17,18
182_20260828_080106.jpg,1,192,86,197,97,5,11
182_20260828_083106.jpg,0,25,148,39,165,14,17
182_20260828_090117.jpg,1,86,111,92,122,6,11
182_20260828_100122.jpg,0,318,105,335,123,17,18
182_20260828_100122.jpg,0,29,139,44,152,15,13
182_20260828_130109.jpg,0,289,92,301,99,12,7
182_20260828_133115.jpg,0,287,91,302,102,15,11
182_20260828_143105.jpg,1,7,164,16,177,9,13
182_20260828_143105.jpg,1,30,143,38,156,8,13
182_20260828_150105.jpg,0,275,93,285,100,10,7
182_20260828_153106.jpg,0,52,130,66,141,14,11
182_20260828_163105.jpg,0,329,154,350,180,21,26
182_20260828_173105.jpg,0,265,130,275,141,10,11
182_20260828_173105.jpg,0,293,139,309,149,16,10
182_20260828_183105.jpg,1,288,182,307,213,19,31
182_20260828_183105.jpg,1,271,195,284,234,13,39
182_20260828_190108.jpg,0,304,166,330,191,26,25
182_20260828_203105.jpg,0,21,145,34,159,13,14
182_20260829_100106.jpg,1,320,173,336,199,16,26
182_20260829_133110.jpg,0,326,105,341,119,15,14
182_20260829_180607.jpg,1,336,167,349,192,13,25
182_20260829_180607.jpg,0,318,108,332,124,14,16
182_20260829_183607.jpg,0,22,148,34,160,12,12
182_20260829_183607.jpg,1,284,181,304,210,20,29
182_20260829_190605.jpg,0,33,137,46,150,13,13
182_20260829_193605.jpg,0,33,137,47,150,14,13
182_20260829_200605.jpg,0,318,106,332,123,14,17
182_20260830_103105.jpg,0,17,146,34,163,17,17
182_20260830_113608.jpg,0,326,154,349,181,23,27
182_20260830_133607.jpg,0,34,135,47,148,13,13
182_20260830_140607.jpg,0,35,137,46,150,11,13
182_20260830_150605.jpg,0,6,158,20,172,14,14
182_20260830_163623.jpg,1,194,109,202,125,8,16
182_20260830_170605.jpg,0,319,108,339,125,20,17
182_20260830_190604.jpg,0,318,107,334,122,16,15
182_20260830_203604.jpg,0,51,129,63,141,12,12
182_20260831_083107.jpg,0,55,126,68,138,13,12
182_20260831_093107.jpg,0,283,91,297,100,14,9
182_20260831_113106.jpg,0,38,135,54,150,16,15
182_20260831_120105.jpg,0,17,153,32,168,15,15
182_20260831_120105.jpg,0,30,147,45,162,15,15
182_20260831_120105.jpg,3,62,113,76,128,14,15
182_20260831_120105.jpg,3,74,109,88,123,14,14
182_20260831_123105.jpg,4,327,149,345,176,18,27
182_20260831_140106.jpg,0,38,131,52,145,14,14
182_20260831_143105.jpg,0,323,104,344,120,21,16
182_20260831_143105.jpg,0,55,123,68,137,13,14
182_20260831_150105.jpg,0,323,107,339,122,16,15
182_20260831_153150.jpg,3,182,73,190,84,8,11
182_20260831_163105.jpg,0,320,107,339,124,19,17
182_20260831_170105.jpg,0,56,126,70,139,14,13
182_20260831_170105.jpg,0,200,106,205,114,5,8
182_20260831_180106.jpg,0,37,138,53,153,16,15
182_20260831_180106.jpg,0,25,150,41,167,16,17
182_20260831_180106.jpg,0,317,106,336,123,19,17
182_20260831_180106.jpg,1,284,187,300,212,16,25
182_20260831_193105.jpg,0,327,148,352,186,25,38
182_20260831_193105.jpg,0,50,129,64,141,14,12
214_20260825_060115.jpg,0,158,48,166,62,8,14
214_20260825_060115.jpg,0,150,51,157,63,7,12
214_20260825_060115.jpg,0,141,53,148,64,7,11
214_20260825_060115.jpg,0,149,63,157,76,8,13
214_20260825_060115.jpg,0,160,63,167,75,7,12
214_20260825_060115.jpg,0,169,56,177,69,8,13
214_20260825_063611.jpg,3,134,43,143,55,9,12
214_20260825_081607.jpg,0,150,54,157,66,7,12
214_20260825_081607.jpg,1,157,69,160,78,3,9
214_20260825_081607.jpg,0,170,63,178,75,8,12
214_20260825_081607.jpg,0,160,53,166,64,6,11
214_20260825_081607.jpg,1,185,145,189,158,4,13
214_20260825_084633.jpg,1,143,66,146,73,3,7
214_20260825_084633.jpg,0,152,56,158,68,6,12
214_20260825_091608.jpg,0,111,130,125,148,14,18
214_20260825_091608.jpg,0,170,61,179,72,9,11
214_20260825_094606.jpg,0,158,42,162,48,4,6
214_20260825_104607.jpg,1,149,64,151,69,2,5
214_20260825_121607.jpg,3,128,55,139,66,11,11
214_20260825_124609.jpg,1,152,61,154,65,2,4
214_20260825_134609.jpg,1,149,52,151,58,2,6
214_20260825_134609.jpg,1,142,66,143,72,1,6
214_20260825_154607.jpg,0,156,45,161,53,5,8
214_20260825_164611.jpg,1,87,93,89,102,2,9
214_20260825_171608.jpg,0,153,44,157,49,4,5
214_20260825_171608.jpg,0,159,43,164,49,5,6
214_20260825_171608.jpg,0,146,44,152,49,6,5
214_20260825_171608.jpg,1,156,72,158,77,2,5
214_20260825_174608.jpg,0,139,60,146,70,7,10
214_20260825_174608.jpg,0,159,61,167,72,8,11
214_20260825_174608.jpg,0,172,64,178,74,6,10
214_20260825_181610.jpg,0,176,78,185,90,9,12
214_20260825_181610.jpg,0,141,46,150,59,9,13
214_20260825_181610.jpg,0,150,55,156,67,6,12
214_20260825_191607.jpg,0,164,226,192,257,28,31
214_20260825_191607.jpg,0,159,78,169,93,10,15
214_20260825_191607.jpg,0,172,73,181,88,9,15
214_20260825_194608.jpg,0,133,71,143,87,10,16
214_20260825_194608.jpg,0,161,75,171,84,10,9
214_20260825_194608.jpg,0,146,71,156,83,10,12
214_20260825_204611.jpg,1,159,67,161,71,2,4
214_20260826_061117.jpg,0,146,42,152,49,6,7
214_20260826_071615.jpg,1,155,101,157,111,2,10
214_20260826_071615.jpg,1,138,77,140,84,2,7
214_20260826_071615.jpg,0,160,63,166,70,6,7
214_20260826_071615.jpg,0,180,82,188,93,8,11
214_20260826_081606.jpg,0,160,76,170,89,10,13
214_20260826_091610.jpg,0,170,61,177,69,7,8
214_20260826_091610.jpg,1,169,71,173,78,4,7
214_20260826_091610.jpg,0,137,67,145,77,8,10
214_20260826_091610.jpg,0,162,68,170,81,8,13
214_20260826_091610.jpg,1,157,71,160,75,3,4
214_20260826_091610.jpg,0,139,62,145,69,6,7
214_20260826_091610.jpg,0,143,55,148,63,5,8
214_20260826_091610.jpg,0,150,56,157,66,7,10
214_20260826_091610.jpg,0,161,63,168,71,7,8
214_20260826_091610.jpg,0,173,67,181,77,8,10
214_20260826_094612.jpg,1,157,63,159,69,2,6
214_20260826_094612.jpg,0,161,56,168,63,7,7
214_20260826_101613.jpg,0,150,56,156,64,6,8
214_20260826_111609.jpg,0,28,129,51,156,23,27
214_20260826_114607.jpg,0,158,53,166,63,8,10
214_20260826_124607.jpg,1,159,74,161,79,2,5
214_20260826_131608.jpg,1,169,85,171,92,2,7
214_20260826_134608.jpg,1,160,65,162,71,2,6
214_20260826_134608.jpg,1,140,74,141,81,1,7
214_20260826_161609.jpg,0,142,53,147,61,5,8
214_20260826_161609.jpg,0,159,55,165,63,6,8
214_20260826_161609.jpg,1,154,65,156,71,2,6
214_20260826_161609.jpg,0,166,46,170,52,4,6
214_20260826_161609.jpg,0,159,48,164,55,5,7
214_20260826_161609.jpg,2,132,43,143,55,11,12
214_20260826_164608.jpg,0,148,41,153,47,5,6
214_20260826_164608.jpg,0,153,42,158,50,5,8
214_20260826_171607.jpg,0,152,46,158,51,6,5
214_20260826_171607.jpg,0,145,45,150,51,5,6
214_20260826_171607.jpg,1,66,111,72,120,6,9
214_20260826_171607.jpg,0,148,70,157,80,9,10
214_20260826_171607.jpg,0,161,71,170,82,9,11
214_20260826_171607.jpg,0,134,72,142,81,8,9
214_20260826_171607.jpg,0,145,77,154,88,9,11
214_20260826_171607.jpg,2,166,47,178,71,12,24
214_20260826_171607.jpg,0,138,65,147,74,9,9
214_20260826_171607.jpg,0,159,63,168,73,9,10
214_20260826_171607.jpg,0,159,47,164,53,5,6
214_20260826_171607.jpg,0,152,50,158,55,6,5
214_20260826_171607.jpg,0,158,55,166,65,8,10
214_20260826_171607.jpg,0,141,50,150,61,9,11
214_20260826_171607.jpg,0,148,56,156,64,8,8
214_20260826_171607.jpg,0,140,60,146,67,6,7
214_20260826_171607.jpg,0,149,62,158,72,9,10
214_20260826_171607.jpg,0,174,69,183,79,9,10
214_20260826_174611.jpg,0,160,91,173,106,13,15
214_20260826_174611.jpg,0,145,81,156,93,11,12
214_20260826_174611.jpg,0,127,81,139,94,12,13
214_20260826_174611.jpg,0,175,83,188,103,13,20
214_20260826_174611.jpg,0,144,47,149,55,5,8
214_20260826_174611.jpg,0,168,53,174,61,6,8
214_20260826_174611.jpg,0,161,53,167,61,6,8
214_20260826_174611.jpg,0,150,53,156,61,6,8
214_20260826_174611.jpg,0,141,54,147,63,6,9
214_20260826_174611.jpg,0,170,60,178,70,8,10
214_20260826_174611.jpg,0,159,60,167,70,8,10
214_20260826_174611.jpg,0,149,60,157,70,8,10
214_20260826_174611.jpg,0,138,61,146,71,8,10
214_20260826_174611.jpg,0,173,69,185,85,12,16
214_20260826_174611.jpg,0,159,69,172,84,13,15
214_20260826_174611.jpg,0,145,71,158,83,13,12
214_20260826_174611.jpg,0,132,73,142,85,10,12
214_20260826_174611.jpg,0,160,83,173,95,13,12
214_20260826_174611.jpg,1,87,91,92,98,5,7
214_20260826_181609.jpg,0,144,46,150,54,6,8
214_20260826_181609.jpg,0,170,59,176,67,6,8
214_20260826_181609.jpg,1,150,79,152,85,2,6
214_20260826_181609.jpg,1,144,97,147,104,3,7
214_20260826_181609.jpg,0,162,65,168,73,6,8
214_20260826_181609.jpg,0,161,57,167,65,6,8
214_20260826_181609.jpg,0,144,61,151,69,7,8
214_20260826_181609.jpg,0,141,56,148,64,7,8
214_20260826_181609.jpg,1,173,91,176,97,3,6
214_20260826_181609.jpg,0,155,52,161,59,6,7
214_20260826_181609.jpg,0,171,65,179,77,8,12
214_20260826_181609.jpg,0,162,72,172,83,10,11
214_20260826_184609.jpg,0,170,66,179,76,9,10
214_20260826_194610.jpg,0,128,55,143,69,15,14
214_20260826_194610.jpg,0,70,81,84,94,14,13
214_20260827_094108.jpg,1,149,58,153,64,4,6
214_20260827_104107.jpg,0,158,39,162,46,4,7
214_20260827_111107.jpg,0,143,51,149,58,6,7
214_20260827_111107.jpg,1,142,84,146,92,4,8
214_20260827_111107.jpg,1,145,71,149,80,4,9
214_20260827_111107.jpg,0,140,58,147,67,7,9
214_20260827_111107.jpg,0,159,61,166,70,7,9
214_20260827_111107.jpg,0,169,64,176,72,7,8
214_20260827_111107.jpg,3,149,54,156,64,7,10
214_20260827_111107.jpg,0,160,53,166,61,6,8
214_20260827_111107.jpg,0,169,55,176,64,7,9
214_20260827_121609.jpg,1,150,44,151,48,1,4
214_20260827_121609.jpg,1,149,49,151,53,2,4
214_20260827_121609.jpg,1,163,47,165,50,2,3
214_20260827_121609.jpg,1,161,45,162,49,1,4
214_20260827_131607.jpg,1,182,82,186,90,4,8
214_20260827_141607.jpg,2,165,41,174,58,9,17
214_20260827_145111.jpg,0,146,43,151,48,5,5
214_20260827_152110.jpg,1,189,99,194,110,5,11
214_20260827_152110.jpg,1,142,67,144,74,2,7
214_20260827_155110.jpg,1,146,61,147,66,1,5
214_20260827_162609.jpg,0,162,36,167,42,5,6
214_20260827_162609.jpg,0,0,253,7,287,7,34
214_20260827_172607.jpg,0,173,73,180,82,7,9
214_20260827_182607.jpg,0,173,70,180,79,7,9
214_20260827_182607.jpg,0,148,64,158,76,10,12
214_20260827_182607.jpg,0,160,64,168,74,8,10
214_20260827_182607.jpg,0,137,64,145,74,8,10
214_20260827_182607.jpg,0,139,55,147,64,8,9
214_20260827_182607.jpg,0,170,60,178,70,8,10
214_20260827_182607.jpg,0,150,55,157,64,7,9
214_20260827_182607.jpg,0,161,57,167,64,6,7
214_20260827_182607.jpg,0,167,53,173,60,6,7
214_20260827_185609.jpg,0,167,63,173,73,6,10
214_20260827_185609.jpg,1,156,76,159,81,3,5
214_20260827_185609.jpg,0,150,57,156,67,6,10
214_20260827_185609.jpg,0,159,57,165,67,6,10
214_20260827_192610.jpg,0,158,56,166,65,8,9
214_20260827_195610.jpg,0,161,63,169,73,8,10
214_20260827_195610.jpg,0,149,60,155,69,6,9
214_20260827_195610.jpg,0,160,71,168,80,8,9
214_20260827_195610.jpg,2,170,68,189,97,19,29
214_20260827_202610.jpg,0,149,60,157,69,8,9
214_20260827_202610.jpg,0,172,65,181,79,9,14
214_20260827_202610.jpg,0,81,72,99,94,18,22
214_20260827_202610.jpg,0,133,71,142,85,9,14
214_20260827_202610.jpg,0,160,61,167,71,7,10
214_20260827_202610.jpg,0,161,71,170,85,9,14
214_20260827_205610.jpg,0,150,56,159,67,9,11
214_20260828_082606.jpg,0,151,55,158,64,7,9
214_20260828_082606.jpg,1,155,64,159,72,4,8
214_20260828_082606.jpg,1,146,62,148,68,2,6
214_20260828_082606.jpg,1,171,70,174,75,3,5
214_20260828_082606.jpg,1,168,65,171,71,3,6
214_20260828_082606.jpg,0,47,110,66,132,19,22
214_20260828_082606.jpg,0,167,49,172,57,5,8
214_20260828_082606.jpg,0,161,68,169,78,8,10
214_20260828_082606.jpg,0,160,60,166,71,6,11
214_20260828_112615.jpg,0,138,62,145,71,7,9
214_20260828_112615.jpg,0,139,58,147,67,8,9
214_20260828_112615.jpg,0,159,56,167,65,8,9
214_20260828_112615.jpg,0,151,53,158,62,7,9
214_20260828_112615.jpg,0,167,52,174,61,7,9
214_20260828_132724.jpg,0,152,68,159,79,7,11
214_20260828_132724.jpg,0,170,56,177,67,7,11
214_20260828_132724.jpg,0,160,63,168,74,8,11
214_20260828_132724.jpg,0,141,55,149,64,8,9
214_20260828_132724.jpg,1,144,68,148,76,4,8
214_20260828_152609.jpg,0,40,106,58,125,18,19
214_20260828_152609.jpg,0,160,61,167,71,7,10
214_20260828_152609.jpg,0,166,55,172,63,6,8
214_20260828_152609.jpg,0,168,61,177,71,9,10
214_20260828_152609.jpg,0,151,41,157,51,6,10
214_20260828_155609.jpg,0,162,119,175,131,13,12
214_20260828_162618.jpg,1,79,97,82,103,3,6
214_20260828_165609.jpg,0,62,122,74,140,12,18
214_20260828_165609.jpg,1,144,65,147,71,3,6
214_20260828_172609.jpg,0,160,69,167,80,7,11
214_20260828_172609.jpg,4,151,59,156,68,5,9
214_20260828_172609.jpg,0,138,64,146,75,8,11
214_20260828_172609.jpg,0,142,55,147,65,5,10
214_20260828_172609.jpg,0,144,45,150,54,6,9
214_20260828_172609.jpg,0,125,52,131,61,6,9
214_20260828_172609.jpg,0,159,59,167,71,8,12
214_20260828_172609.jpg,0,150,67,156,77,6,10
214_20260828_172609.jpg,0,160,50,166,60,6,10
214_20260828_172609.jpg,0,151,50,157,59,6,9
214_20260828_175611.jpg,0,139,58,147,71,8,13
214_20260828_175611.jpg,0,148,72,155,84,7,12
214_20260828_175611.jpg,2,171,62,192,103,21,41
214_20260828_175611.jpg,0,161,72,171,82,10,10
214_20260828_175611.jpg,0,162,76,175,94,13,18
214_20260828_175611.jpg,0,148,63,156,76,8,13
214_20260828_182610.jpg,0,159,53,167,65,8,12
214_20260828_182610.jpg,0,151,44,158,55,7,11
214_20260828_185610.jpg,0,170,58,178,71,8,13
214_20260828_185610.jpg,0,172,69,180,82,8,13
214_20260828_185610.jpg,0,149,66,157,79,8,13
214_20260828_185610.jpg,0,131,76,144,91,13,15
214_20260828_185610.jpg,0,149,57,157,70,8,13
214_20260828_185610.jpg,0,159,57,167,70,8,13
214_20260828_192609.jpg,0,170,61,179,76,9,15
214_20260828_192609.jpg,0,147,68,155,84,8,16
214_20260828_192609.jpg,0,160,69,170,83,10,14
214_20260828_203107.jpg,0,174,76,183,89,9,13
214_20260828_203107.jpg,0,159,69,169,82,10,13
214_20260828_203107.jpg,0,159,78,169,91,10,13
214_20260828_203107.jpg,0,133,69,142,82,9,13
214_20260828_203107.jpg,0,148,66,157,80,9,14
214_20260828_210110.jpg,4,173,78,182,91,9,13
214_20260828_210110.jpg,0,149,61,156,71,7,10
214_20260828_210110.jpg,0,138,61,145,71,7,10
214_20260828_210110.jpg,0,161,61,168,72,7,11
214_20260829_080112.jpg,1,156,69,158,74,2,5
214_20260829_100607.jpg,1,175,67,179,77,4,10
214_20260829_103606.jpg,0,151,52,157,60,6,8
214_20260829_113609.jpg,0,143,49,149,57,6,8
214_20260829_113609.jpg,0,150,53,156,61,6,8
214_20260829_113609.jpg,0,150,59,156,66,6,7
214_20260829_123610.jpg,0,151,47,156,56,5,9
214_20260829_123610.jpg,0,156,50,163,60,7,10
214_20260829_133610.jpg,0,167,49,172,55,5,6
214_20260829_140610.jpg,1,174,94,178,103,4,9
214_20260829_140610.jpg,1,167,74,171,82,4,8
214_20260829_140610.jpg,2,171,65,184,87,13,22
214_20260829_140610.jpg,2,165,52,173,70,8,18
214_20260829_143610.jpg,0,158,54,166,64,8,10
214_20260829_143610.jpg,0,148,60,156,69,8,9
214_20260829_143610.jpg,0,142,53,150,62,8,9
214_20260829_143610.jpg,0,151,52,157,62,6,10
214_20260829_143610.jpg,0,166,48,173,60,7,12
214_20260829_150610.jpg,4,171,64,178,75,7,11
214_20260829_150610.jpg,0,160,57,167,66,7,9
214_20260829_150610.jpg,0,143,53,149,62,6,9
214_20260829_153613.jpg,0,167,52,173,62,6,10
214_20260829_153613.jpg,0,152,51,158,60,6,9
214_20260829_153613.jpg,0,159,51,164,59,5,8
214_20260829_153613.jpg,0,142,52,148,60,6,8
214_20260829_153613.jpg,0,158,61,165,70,7,9
214_20260829_153613.jpg,0,138,61,147,71,9,10
214_20260829_153613.jpg,0,132,78,143,88,11,10
214_20260829_153613.jpg,3,133,67,144,81,11,14
214_20260829_153613.jpg,0,149,60,155,70,6,10
214_20260829_163611.jpg,0,161,57,167,66,6,9
214_20260829_163611.jpg,0,140,53,150,64,10,11
214_20260829_163611.jpg,0,168,53,176,63,8,10
214_20260829_163611.jpg,0,152,50,157,58,5,8
214_20260829_163611.jpg,0,139,61,147,70,8,9
214_20260829_163611.jpg,0,137,66,145,76,8,10
214_20260829_163611.jpg,1,145,68,149,76,4,8
214_20260829_170611.jpg,0,137,65,145,76,8,11
214_20260829_170611.jpg,0,148,63,155,75,7,12
214_20260829_173609.jpg,1,169,74,172,83,3,9
214_20260829_173609.jpg,0,159,62,168,73,9,11
214_20260829_173609.jpg,4,173,68,180,79,7,11
214_20260829_173609.jpg,0,147,65,156,78,9,13
214_20260829_173609.jpg,0,133,70,142,82,9,12
214_20260829_173609.jpg,0,160,70,168,84,8,14
214_20260829_173609.jpg,0,135,77,145,91,10,14
214_20260829_180609.jpg,0,128,182,151,205,23,23
214_20260829_180609.jpg,0,146,70,155,84,9,14
214_20260829_180609.jpg,0,136,66,143,79,7,13
214_20260829_180609.jpg,0,169,66,176,77,7,11
214_20260829_190607.jpg,0,137,64,145,73,8,9
214_20260829_190607.jpg,0,155,58,162,67,7,9
214_20260829_193607.jpg,0,129,61,137,69,8,8
214_20260829_193607.jpg,2,161,44,171,72,10,28
214_20260829_193607.jpg,0,142,51,150,60,8,9
214_20260829_200607.jpg,1,152,112,157,124,5,12
214_20260829_203607.jpg,0,0,252,5,278,5,26
214_20260829_203607.jpg,0,154,44,159,52,5,8
214_20260829_203607.jpg,0,169,65,179,77,10,12
214_20260830_060113.jpg,1,162,55,164,61,2,6
214_20260830_063111.jpg,0,129,58,139,66,10,8
214_20260830_070111.jpg,0,129,57,139,66,10,9
214_20260830_073110.jpg,0,150,48,153,53,3,5
214_20260830_080111.jpg,1,162,60,163,65,1,5
214_20260830_113107.jpg,1,163,64,164,70,1,6
214_20260830_120108.jpg,1,164,56,166,62,2,6
214_20260830_123109.jpg,1,152,65,153,70,1,5
214_20260830_130107.jpg,2,165,39,174,58,9,19
214_20260830_130107.jpg,0,144,54,149,61,5,7
214_20260830_133109.jpg,0,167,48,172,57,5,9
214_20260830_133109.jpg,0,159,48,164,55,5,7
214_20260830_133109.jpg,0,151,49,157,56,6,7
214_20260830_133109.jpg,1,145,63,146,68,1,5
214_20260830_133109.jpg,1,141,63,143,71,2,8
214_20260830_133109.jpg,0,149,54,155,62,6,8
214_20260830_140107.jpg,1,151,51,152,55,1,4
214_20260830_140107.jpg,1,149,47,151,50,2,3
214_20260830_150110.jpg,0,159,41,163,46,4,5
214_20260830_150110.jpg,1,142,87,144,94,2,7
214_20260830_153123.jpg,0,251,131,284,160,33,29
214_20260830_153123.jpg,0,132,85,142,98,10,13
214_20260830_153123.jpg,1,170,75,173,82,3,7
214_20260830_153123.jpg,0,174,72,182,82,8,10
214_20260830_153123.jpg,0,160,71,167,81,7,10
214_20260830_173608.jpg,0,137,67,145,78,8,11
214_20260830_173608.jpg,0,169,64,176,74,7,10
214_20260830_173608.jpg,0,159,62,166,70,7,8
214_20260830_173608.jpg,0,58,90,72,108,14,18
214_20260830_180607.jpg,0,130,81,140,92,10,11
214_20260830_180607.jpg,0,173,72,182,85,9,13
214_20260830_180607.jpg,0,133,72,141,84,8,12
214_20260830_180607.jpg,0,136,65,144,76,8,11
214_20260830_180607.jpg,0,147,63,157,78,10,15
214_20260830_183608.jpg,0,160,72,166,84,6,12
214_20260830_183608.jpg,1,156,86,159,94,3,8
214_20260830_183608.jpg,0,132,74,141,89,9,15
214_20260830_183608.jpg,0,147,71,154,83,7,12
214_20260830_183608.jpg,0,161,84,170,98,9,14
214_20260830_183608.jpg,0,126,86,143,103,17,17
214_20260830_183608.jpg,5,66,84,78,99,12,15
214_20260830_190607.jpg,0,131,76,140,90,9,14
214_20260830_190607.jpg,0,145,79,153,93,8,14
214_20260830_190607.jpg,0,139,62,146,74,7,12
214_20260830_190607.jpg,0,148,59,157,78,9,19
214_20260830_190607.jpg,0,172,65,179,74,7,9
214_20260830_193607.jpg,0,148,68,157,80,9,12
214_20260830_193607.jpg,2,170,61,182,81,12,20
214_20260830_193607.jpg,0,162,61,168,74,6,13
214_20260830_193607.jpg,0,135,65,145,79,10,14
214_20260830_193607.jpg,0,140,54,147,65,7,11
214_20260830_193607.jpg,0,150,58,156,67,6,9
214_20260830_193607.jpg,1,159,85,162,93,3,8
214_20260830_193607.jpg,0,147,77,157,90,10,13
214_20260830_200609.jpg,1,150,71,154,78,4,7
214_20260830_200609.jpg,0,158,51,164,59,6,8
214_20260830_203607.jpg,0,171,66,178,77,7,11
214_20260830_203607.jpg,1,169,81,172,87,3,6
214_20260830_203607.jpg,1,164,72,167,79,3,7
214_20260830_203607.jpg,0,158,58,164,67,6,9
214_20260830_203607.jpg,3,39,83,90,150,51,67
214_20260831_060115.jpg,0,167,54,173,61,6,7
214_20260831_060115.jpg,1,183,89,187,96,4,7
214_20260831_073109.jpg,0,142,56,148,64,6,8
214_20260831_073109.jpg,0,166,50,172,56,6,6
214_20260831_080109.jpg,0,151,45,157,52,6,7
214_20260831_080109.jpg,0,146,47,152,53,6,6
214_20260831_080109.jpg,0,165,48,170,54,5,6
214_20260831_083606.jpg,1,146,58,149,65,3,7
214_20260831_083606.jpg,1,167,71,170,77,3,6
214_20260831_083606.jpg,1,141,78,144,84,3,6
214_20260831_083606.jpg,0,137,65,145,77,8,12
214_20260831_083606.jpg,0,150,61,158,68,8,7
214_20260831_083606.jpg,0,166,49,172,56,6,7
214_20260831_083606.jpg,1,142,57,144,62,2,5
214_20260831_083606.jpg,1,146,52,147,57,1,5
214_20260831_083606.jpg,1,143,69,146,74,3,5
214_20260831_083606.jpg,1,146,63,148,69,2,6
214_20260831_083606.jpg,0,144,72,155,86,11,14
214_20260831_083606.jpg,0,149,63,156,71,7,8
214_20260831_083606.jpg,0,159,55,166,63,7,8
214_20260831_090606.jpg,1,162,55,165,62,3,7
214_20260831_090606.jpg,1,165,60,168,66,3,6
214_20260831_093607.jpg,4,170,66,178,77,8,11
214_20260831_093607.jpg,0,150,56,157,65,7,9
214_20260831_093607.jpg,0,160,57,167,65,7,8
214_20260831_093607.jpg,0,159,66,172,80,13,14
214_20260831_093607.jpg,0,169,52,175,60,6,8
214_20260831_093607.jpg,0,160,51,165,58,5,7
214_20260831_100607.jpg,2,164,43,174,61,10,18
214_20260831_100607.jpg,1,148,55,150,60,2,5
214_20260831_103607.jpg,1,154,54,156,59,2,5
214_20260831_103607.jpg,1,153,50,155,55,2,5
214_20260831_103607.jpg,0,149,43,153,47,4,4
214_20260831_110607.jpg,1,177,70,180,76,3,6
214_20260831_110607.jpg,1,170,69,172,76,2,7
214_20260831_123611.jpg,1,141,66,143,70,2,4
214_20260831_130611.jpg,1,156,45,158,50,2,5
214_20260831_130611.jpg,1,161,44,162,49,1,5
214_20260831_133610.jpg,0,158,46,163,55,5,9
214_20260831_140615.jpg,1,167,69,170,76,3,7
214_20260831_140615.jpg,1,142,72,144,77,2,5
214_20260831_140615.jpg,0,153,43,158,49,5,6
214_20260831_140615.jpg,0,146,45,150,50,4,5
214_20260831_140615.jpg,1,166,61,169,67,3,6
214_20260831_153746.jpg,0,128,61,137,65,9,4
214_20260831_180609.jpg,0,151,56,159,66,8,10
214_20260831_180609.jpg,0,141,56,147,64,6,8
214_20260831_183610.jpg,0,169,60,177,68,8,8
214_20260831_183610.jpg,0,172,68,180,78,8,10
214_20260831_183610.jpg,0,137,67,142,77,5,10
214_20260831_183610.jpg,1,177,115,180,126,3,11
214_20260831_190609.jpg,0,129,161,148,179,19,18
214_20260831_190609.jpg,0,173,62,181,75,8,13
214_20260831_190609.jpg,0,151,53,157,63,6,10
214_20260831_190609.jpg,0,138,63,145,72,7,9
214_20260831_200608.jpg,0,148,68,157,80,9,12
214_20260831_200608.jpg,0,136,67,145,80,9,13
214_20260831_200608.jpg,0,162,70,170,81,8,11
214_20260831_200608.jpg,0,36,139,58,168,22,29
214_20260831_203609.jpg,0,159,67,170,77,11,10
222_20260825_060115.jpg,1,12,159,20,175,8,16
222_20260825_060115.jpg,0,340,200,352,223,12,23
222_20260825_063611.jpg,1,29,186,38,202,9,16
222_20260825_063611.jpg,0,339,200,352,222,13,22
222_20260825_070607.jpg,0,339,200,352,223,13,23
222_20260825_070607.jpg,0,149,96,154,100,5,4
222_20260825_070607.jpg,0,31,175,57,198,26,23
222_20260825_074108.jpg,0,163,95,167,101,4,6
222_20260825_074108.jpg,0,37,176,61,203,24,27
222_20260825_074108.jpg,0,64,137,88,164,24,27
222_20260825_074108.jpg,1,18,158,29,177,11,19
222_20260825_074108.jpg,0,340,200,352,223,12,23
222_20260825_081106.jpg,1,17,165,23,174,6,9
222_20260825_084107.jpg,0,341,200,352,221,11,21
222_20260825_084107.jpg,3,5,165,28,207,23,42
222_20260825_094107.jpg,0,341,200,352,223,11,23
222_20260825_101107.jpg,6,28,172,55,201,27,29
222_20260825_101107.jpg,0,341,204,352,223,11,19
222_20260825_104106.jpg,0,340,201,352,223,12,22
222_20260825_104106.jpg,6,22,162,60,202,38,40
222_20260825_111107.jpg,6,20,147,34,168,14,21
222_20260825_111107.jpg,0,340,205,352,224,12,19
222_20260825_114107.jpg,0,336,201,352,225,16,24
222_20260825_121107.jpg,0,340,203,352,224,12,21
222_20260825_124110.jpg,0,340,203,352,223,12,20
222_20260825_131113.jpg,0,163,86,171,96,8,10
222_20260825_134112.jpg,0,340,201,352,223,12,22
222_20260825_134112.jpg,0,318,176,338,193,20,17
222_20260825_141109.jpg,0,318,174,338,190,20,16
222_20260825_144111.jpg,0,321,178,340,194,19,16
222_20260825_151607.jpg,0,340,207,352,224,12,17
222_20260825_154607.jpg,0,340,207,352,223,12,16
222_20260825_154607.jpg,0,321,176,342,196,21,20
222_20260825_162108.jpg,3,150,90,155,98,5,8
222_20260825_172108.jpg,0,146,95,157,111,11,16
222_20260825_172108.jpg,0,156,88,166,104,10,16
222_20260825_182107.jpg,0,152,90,163,109,11,19
222_20260825_182107.jpg,0,316,258,344,284,28,26
222_20260825_182107.jpg,0,16,145,36,163,20,18
222_20260825_182107.jpg,0,47,151,67,169,20,18
222_20260825_182107.jpg,0,164,88,175,107,11,19
222_20260825_185108.jpg,0,180,130,194,141,14,11
222_20260825_185108.jpg,0,185,144,199,156,14,12
222_20260825_192108.jpg,1,135,143,143,162,8,19
222_20260826_065126.jpg,0,26,161,44,182,18,21
222_20260826_075109.jpg,0,332,188,352,213,20,25
222_20260826_082109.jpg,0,49,146,59,160,10,14
222_20260826_085109.jpg,6,21,161,39,183,18,22
222_20260826_085109.jpg,0,340,206,352,223,12,17
222_20260826_092109.jpg,6,18,140,31,164,13,24
222_20260826_092109.jpg,0,340,201,352,221,12,20
222_20260826_095128.jpg,0,340,200,352,223,12,23
222_20260826_102114.jpg,0,54,154,75,175,21,21
222_20260826_102114.jpg,0,340,200,352,224,12,24
222_20260826_105114.jpg,0,341,201,352,224,11,23
222_20260826_112110.jpg,2,1,147,23,177,22,30
222_20260826_115108.jpg,0,340,201,352,224,12,23
222_20260826_115108.jpg,1,155,93,157,102,2,9
222_20260826_132107.jpg,0,320,176,342,196,22,20
222_20260826_135107.jpg,6,15,142,32,177,17,35
222_20260826_135107.jpg,0,320,176,343,196,23,20
222_20260826_145109.jpg,0,340,201,352,224,12,23
222_20260826_145109.jpg,0,320,177,344,196,24,19
222_20260826_155110.jpg,0,156,95,162,99,6,4
222_20260826_182108.jpg,0,27,161,37,177,10,16
222_20260826_192108.jpg,1,179,158,186,179,7,21
222_20260826_192108.jpg,1,178,147,184,168,6,21
222_20260827_091613.jpg,0,321,176,343,196,22,20
222_20260827_094611.jpg,0,320,177,342,196,22,19
222_20260827_101609.jpg,0,320,177,344,196,24,19
222_20260827_101609.jpg,0,27,167,36,189,9,22
222_20260827_101609.jpg,0,25,157,34,166,9,9
222_20260827_111609.jpg,0,340,201,352,224,12,23
222_20260827_114609.jpg,0,136,92,145,97,9,5
222_20260827_121609.jpg,1,297,240,315,257,18,17
222_20260827_121609.jpg,0,340,201,352,223,12,22
222_20260827_124807.jpg,0,320,176,345,196,25,20
222_20260827_124807.jpg,5,31,175,57,204,26,29
222_20260827_131607.jpg,0,339,201,352,224,13,23
222_20260827_134607.jpg,0,339,201,352,224,13,23
222_20260827_141607.jpg,0,320,176,339,196,19,20
222_20260827_141607.jpg,0,340,200,352,223,12,23
222_20260827_144607.jpg,0,319,176,338,196,19,20
222_20260827_154607.jpg,3,14,209,109,288,95,79
222_20260827_164607.jpg,0,340,201,352,224,12,23
222_20260827_171608.jpg,0,340,201,352,223,12,22
222_20260827_181607.jpg,0,340,201,352,224,12,23
222_20260827_184608.jpg,0,340,200,352,223,12,23
222_20260827_191608.jpg,0,0,163,22,193,22,30
222_20260828_064106.jpg,0,340,201,352,223,12,22
222_20260828_074106.jpg,0,340,200,352,224,12,24
222_20260828_081107.jpg,0,320,176,346,196,26,20
222_20260828_081107.jpg,0,340,200,352,223,12,23
222_20260828_084106.jpg,0,320,176,343,196,23,20
222_20260828_091114.jpg,0,320,177,344,195,24,18
222_20260828_094116.jpg,0,340,201,352,223,12,22
222_20260828_094116.jpg,0,320,176,343,196,23,20
222_20260828_101111.jpg,0,320,176,343,196,23,20
222_20260828_104110.jpg,0,320,176,341,196,21,20
222_20260828_104110.jpg,0,340,201,352,223,12,22
222_20260828_111114.jpg,1,129,267,139,287,10,20
222_20260828_114114.jpg,0,340,201,352,222,12,21
222_20260828_121116.jpg,1,18,170,30,187,12,17
222_20260828_124114.jpg,0,320,176,343,196,23,20
222_20260828_124114.jpg,0,340,201,352,223,12,22
222_20260828_131133.jpg,0,339,201,351,223,12,22
222_20260828_131133.jpg,0,149,95,154,99,5,4
222_20260828_134107.jpg,0,320,176,343,196,23,20
222_20260828_144108.jpg,0,340,201,352,224,12,23
222_20260828_154107.jpg,1,283,228,300,251,17,23
222_20260828_154107.jpg,0,51,144,68,158,17,14
222_20260828_154107.jpg,0,10,150,27,163,17,13
222_20260828_161110.jpg,0,340,201,352,224,12,23
222_20260828_164107.jpg,0,145,99,153,108,8,9
222_20260828_164107.jpg,1,150,108,154,115,4,7
222_20260828_164107.jpg,0,339,201,352,224,13,23
222_20260828_174107.jpg,0,340,201,352,224,12,23
222_20260828_174107.jpg,0,59,150,77,170,18,20
222_20260828_191107.jpg,0,181,120,191,131,10,11
222_20260828_191107.jpg,1,96,246,111,287,15,41
222_20260828_191107.jpg,0,0,159,25,188,25,29
222_20260829_060612.jpg,1,24,173,30,188,6,15
222_20260829_060612.jpg,2,2,137,29,168,27,31
222_20260829_060612.jpg,0,151,98,156,104,5,6
222_20260829_063606.jpg,0,46,142,73,163,27,21
222_20260829_063606.jpg,0,340,201,352,224,12,23
222_20260829_070606.jpg,0,340,201,352,224,12,23
222_20260829_070606.jpg,3,24,163,60,203,36,40
222_20260829_073607.jpg,0,340,201,352,224,12,23
222_20260829_081106.jpg,0,340,201,352,223,12,22
222_20260829_081106.jpg,1,12,170,23,187,11,17
222_20260829_084106.jpg,1,282,226,295,251,13,25
222_20260829_094608.jpg,0,340,201,352,223,12,22
222_20260829_094608.jpg,0,48,145,60,165,12,20
222_20260829_101609.jpg,0,159,90,162,92,3,2
222_20260829_101609.jpg,0,40,168,61,194,21,26
222_20260829_104608.jpg,0,340,201,352,223,12,22
222_20260829_104608.jpg,0,125,95,130,99,5,4
222_20260829_111615.jpg,1,287,224,300,254,13,30
222_20260829_121607.jpg,3,86,224,163,288,77,64
222_20260829_121607.jpg,0,64,145,88,164,24,19
222_20260829_134607.jpg,0,62,155,76,171,14,16
222_20260829_141607.jpg,0,63,141,85,162,22,21
222_20260829_144608.jpg,0,11,147,29,166,18,19
222_20260829_144608.jpg,6,277,254,339,287,62,33
222_20260829_154608.jpg,0,332,208,352,222,20,14
222_20260829_154608.jpg,0,325,194,352,207,27,13
222_20260829_154608.jpg,0,320,182,351,195,31,13
222_20260829_161609.jpg,0,13,144,26,166,13,22
222_20260829_161609.jpg,0,50,162,74,182,24,20
222_20260829_161609.jpg,0,332,205,352,222,20,17
222_20260829_164609.jpg,0,339,201,352,224,13,23
222_20260829_171608.jpg,6,322,179,348,193,26,14
222_20260829_171608.jpg,6,335,208,352,222,17,14
222_20260829_171608.jpg,6,326,192,352,206,26,14
222_20260829_174607.jpg,6,333,205,352,219,19,14
222_20260829_174607.jpg,6,327,192,352,206,25,14
222_20260829_201608.jpg,0,56,158,74,173,18,15
222_20260829_204608.jpg,0,67,256,103,288,36,32
222_20260830_064107.jpg,0,340,201,352,223,12,22
222_20260830_074106.jpg,0,340,201,352,224,12,23
222_20260830_081106.jpg,0,340,201,352,223,12,22
222_20260830_081106.jpg,5,35,161,64,192,29,31
222_20260830_091106.jpg,0,340,201,352,223,12,22
222_20260830_094107.jpg,0,340,201,352,223,12,22
222_20260830_101107.jpg,0,340,201,352,222,12,21
222_20260830_104107.jpg,0,340,201,352,223,12,22
222_20260830_104107.jpg,6,294,233,344,270,50,37
222_20260830_111107.jpg,0,339,200,352,223,13,23
222_20260830_114107.jpg,0,340,201,352,224,12,23
222_20260830_121107.jpg,0,340,201,352,224,12,23
222_20260830_124106.jpg,0,339,200,352,224,13,24
222_20260830_131107.jpg,0,339,200,352,223,13,23
222_20260830_134607.jpg,0,339,200,352,222,13,22
222_20260830_141608.jpg,2,5,133,25,169,20,36
222_20260830_141608.jpg,0,166,119,174,125,8,6
222_20260830_141608.jpg,0,165,92,169,96,4,4
222_20260830_144608.jpg,0,340,200,352,224,12,24
222_20260830_151607.jpg,0,338,201,352,223,14,22
222_20260830_154618.jpg,0,339,199,352,224,13,25
222_20260830_164613.jpg,0,340,199,352,224,12,25
222_20260830_171611.jpg,0,340,199,352,225,12,26
222_20260830_174612.jpg,0,339,199,352,225,13,26
222_20260830_174612.jpg,1,197,162,205,184,8,22
222_20260830_174612.jpg,1,149,100,152,111,3,11
222_20260830_201611.jpg,1,20,164,25,180,5,16
222_20260831_074106.jpg,0,340,199,352,223,12,24
222_20260831_081106.jpg,1,14,194,22,214,8,20
222_20260831_081106.jpg,0,0,185,17,216,17,31
222_20260831_084106.jpg,0,321,176,344,196,23,20
222_20260831_084106.jpg,0,340,200,352,223,12,23
222_20260831_084106.jpg,0,159,89,163,95,4,6
222_20260831_091106.jpg,0,340,201,352,221,12,20
222_20260831_091106.jpg,1,21,161,27,170,6,9
222_20260831_091106.jpg,0,321,177,345,196,24,19
222_20260831_094106.jpg,0,321,176,343,196,22,20
222_20260831_094106.jpg,1,23,166,32,188,9,22
222_20260831_101107.jpg,0,320,176,342,196,22,20
222_20260831_104106.jpg,0,321,176,343,196,22,20
222_20260831_104106.jpg,5,47,151,74,182,27,31
222_20260831_111107.jpg,0,163,94,168,100,5,6
222_20260831_111107.jpg,0,321,176,341,196,20,20
222_20260831_114107.jpg,0,320,176,344,196,24,20
222_20260831_114107.jpg,0,340,201,352,223,12,22
222_20260831_121107.jpg,0,321,177,343,196,22,19
222_20260831_124107.jpg,0,14,155,21,166,7,11
222_20260831_131107.jpg,0,322,175,342,196,20,21
222_20260831_134107.jpg,1,19,179,32,204,13,25
222_20260831_141110.jpg,0,322,171,342,196,20,25
222_20260831_151108.jpg,1,145,96,148,105,3,9
222_20260831_151108.jpg,0,320,176,342,196,22,20
222_20260831_154126.jpg,1,291,230,296,252,5,22
222_20260831_161107.jpg,0,62,264,101,288,39,24
222_20260831_174109.jpg,0,152,92,158,100,6,8
222_20260831_181109.jpg,6,22,176,56,207,34,31
222_20260831_191109.jpg,0,165,121,177,132,12,11
222_20260831_191109.jpg,1,199,243,209,268,10,25
222_20260831_191109.jpg,0,272,264,325,288,53,24
229_20260825_060037.jpg,0,7,117,20,133,13,16
229_20260825_060037.jpg,5,20,101,47,126,27,25
229_20260825_063531.jpg,5,20,101,47,126,27,25
229_20260825_063531.jpg,0,6,113,23,133,17,20
229_20260825_070531.jpg,0,7,114,24,139,17,25
229_20260825_070531.jpg,5,21,102,48,127,27,25
229_20260825_073536.jpg,5,21,101,48,126,27,25
229_20260825_073536.jpg,0,6,113,24,138,18,25
229_20260825_080533.jpg,5,22,102,49,127,27,25
229_20260825_080533.jpg,0,8,111,24,136,16,25
229_20260825_083532.jpg,0,5,112,32,137,27,25
229_20260825_083532.jpg,5,22,101,49,126,27,25
229_20260825_090534.jpg,5,19,101,46,126,27,25
229_20260825_090534.jpg,0,2,114,29,139,27,25
229_20260825_093531.jpg,5,21,103,48,128,27,25
229_20260825_100530.jpg,5,16,103,43,127,27,24
229_20260825_103530.jpg,5,15,103,42,128,27,25
229_20260825_123531.jpg,5,8,107,30,128,22,21
229_20260825_130534.jpg,5,4,106,39,133,35,27
229_20260825_133534.jpg,0,148,72,157,83,9,11
229_20260825_133534.jpg,5,7,107,39,129,32,22
229_20260825_140531.jpg,3,9,112,28,123,19,11
229_20260825_140531.jpg,0,28,110,39,121,11,11
229_20260825_143531.jpg,0,164,82,174,91,10,9
229_20260825_143531.jpg,3,151,69,158,80,7,11
229_20260825_143531.jpg,0,19,109,39,126,20,17
229_20260825_150531.jpg,5,8,108,40,128,32,20
229_20260825_153532.jpg,0,155,70,160,77,5,7
229_20260825_153532.jpg,5,7,108,33,127,26,19
229_20260825_160531.jpg,5,5,109,33,129,28,20
229_20260825_163532.jpg,5,7,108,36,127,29,19
229_20260825_170532.jpg,1,149,76,154,84,5,8
229_20260825_170532.jpg,5,10,108,32,123,22,15
229_20260825_173531.jpg,5,6,107,38,130,32,23
229_20260825_180534.jpg,5,7,109,40,133,33,24
229_20260825_183531.jpg,5,10,109,32,124,22,15
229_20260825_190531.jpg,1,148,77,155,85,7,8
229_20260825_190531.jpg,1,141,79,145,87,4,8
229_20260825_190531.jpg,5,7,110,41,132,34,22
229_20260825_193531.jpg,5,6,109,41,131,35,22
229_20260825_200531.jpg,5,8,109,43,130,35,21
229_20260825_203531.jpg,5,7,108,38,128,31,20
229_20260826_060052.jpg,5,8,109,41,128,33,19
229_20260826_063409.jpg,0,144,81,155,89,11,8
229_20260826_063409.jpg,0,141,74,156,81,15,7
229_20260826_063409.jpg,5,7,107,43,129,36,22
229_20260826_070549.jpg,0,147,76,156,83,9,7
229_20260826_070549.jpg,5,9,108,40,129,31,21
229_20260826_070549.jpg,0,156,66,161,73,5,7
229_20260826_070549.jpg,0,149,67,155,74,6,7
229_20260826_070549.jpg,0,153,72,160,79,7,7
229_20260826_073532.jpg,5,17,109,39,126,22,17
229_20260826_080531.jpg,5,17,108,40,125,23,17
229_20260826_083530.jpg,5,16,108,42,125,26,17
229_20260826_090535.jpg,0,13,106,32,125,19,19
229_20260826_110531.jpg,1,155,74,168,92,13,18
229_20260826_123531.jpg,0,19,107,40,125,21,18
229_20260826_130531.jpg,0,8,108,39,129,31,21
229_20260826_133531.jpg,0,20,109,42,123,22,14
229_20260826_140531.jpg,0,18,109,39,125,21,16
229_20260826_143531.jpg,0,19,109,39,125,20,16
229_20260826_150531.jpg,0,19,109,39,125,20,16
229_20260826_153531.jpg,0,15,108,28,123,13,15
229_20260826_153531.jpg,0,22,109,39,124,17,15
229_20260826_160531.jpg,0,16,108,41,124,25,16
229_20260826_163531.jpg,1,30,263,62,288,32,25
229_20260826_163531.jpg,0,145,76,155,87,10,11
229_20260826_163531.jpg,1,15,159,26,187,11,28
229_20260826_170531.jpg,0,8,108,40,128,32,20
229_20260826_173532.jpg,0,7,108,39,131,32,23
229_20260826_180531.jpg,0,9,109,39,131,30,22
229_20260826_183531.jpg,0,5,108,39,129,34,21
229_20260826_193531.jpg,1,132,88,140,102,8,14
229_20260826_200531.jpg,0,5,110,40,132,35,22
229_20260826_203531.jpg,1,118,93,125,108,7,15
229_20260826_203531.jpg,0,8,110,39,130,31,20
229_20260827_090034.jpg,0,22,109,39,123,17,14
229_20260827_093031.jpg,0,22,109,39,123,17,14
229_20260827_100035.jpg,0,23,109,39,123,16,14
229_20260827_103030.jpg,0,20,109,39,123,19,14
229_20260827_110030.jpg,0,154,66,161,74,7,8
229_20260827_110030.jpg,0,153,71,159,79,6,8
229_20260827_110030.jpg,0,17,110,43,122,26,12
229_20260827_113030.jpg,0,17,109,42,123,25,14
229_20260827_123553.jpg,0,16,108,43,122,27,14
229_20260827_130542.jpg,0,18,108,42,122,24,14
229_20260827_140533.jpg,0,10,108,43,127,33,19
229_20260827_143531.jpg,0,17,110,42,123,25,13
229_20260827_150531.jpg,0,16,109,42,123,26,14
229_20260827_153531.jpg,0,22,109,39,123,17,14
229_20260827_160531.jpg,0,13,106,41,124,28,18
229_20260827_163531.jpg,0,17,109,42,124,25,15
229_20260827_163531.jpg,1,163,87,167,100,4,13
229_20260827_170531.jpg,0,14,109,45,125,31,16
229_20260827_173531.jpg,0,14,106,44,124,30,18
229_20260827_180531.jpg,0,17,109,40,127,23,18
229_20260827_180531.jpg,0,17,109,39,126,22,17
229_20260827_183531.jpg,0,19,109,39,126,20,17
229_20260828_063032.jpg,0,17,109,39,126,22,17
229_20260828_070033.jpg,0,19,109,39,126,20,17
229_20260828_073034.jpg,0,22,108,39,123,17,15
229_20260828_100043.jpg,0,24,109,40,123,16,14
229_20260828_103035.jpg,0,23,109,40,123,17,14
229_20260828_120033.jpg,0,24,108,40,122,16,14
229_20260828_150031.jpg,0,24,109,40,123,16,14
229_20260828_153032.jpg,0,20,109,39,122,19,13
229_20260828_160531.jpg,0,20,109,39,123,19,14
229_20260828_163531.jpg,0,20,109,39,123,19,14
229_20260828_170531.jpg,0,20,109,39,124,19,15
229_20260828_173531.jpg,0,17,109,39,127,22,18
229_20260828_173531.jpg,0,1,116,18,130,17,14
229_20260828_183531.jpg,0,18,109,39,126,21,17
229_20260829_060038.jpg,0,18,109,39,127,21,18
229_20260829_063034.jpg,0,16,109,39,128,23,19
229_20260829_070033.jpg,0,16,109,38,127,22,18
229_20260829_073031.jpg,0,20,108,40,128,20,20
229_20260829_093531.jpg,0,16,111,40,124,24,13
229_20260829_103531.jpg,0,18,109,39,127,21,18
229_20260829_110531.jpg,0,18,109,39,126,21,17
229_20260829_110531.jpg,3,17,109,39,126,22,17
229_20260829_113531.jpg,0,16,109,39,128,23,19
229_20260829_120531.jpg,0,17,109,39,127,22,18
229_20260829_120531.jpg,1,58,126,77,150,19,24
229_20260829_123533.jpg,3,18,109,39,127,21,18
229_20260829_123533.jpg,0,18,109,39,127,21,18
229_20260829_130534.jpg,0,2,116,21,134,19,18
229_20260829_130534.jpg,0,18,109,39,126,21,17
229_20260829_140531.jpg,0,18,110,40,124,22,14
229_20260829_140531.jpg,0,2,116,20,134,18,18
229_20260829_143531.jpg,0,18,109,39,126,21,17
229_20260829_163531.jpg,0,16,109,40,127,24,18
229_20260829_170531.jpg,0,18,109,39,127,21,18
229_20260829_173531.jpg,0,17,109,38,128,21,19
229_20260829_180531.jpg,0,17,109,39,127,22,18
229_20260829_183531.jpg,0,16,109,39,127,23,18
229_20260830_060035.jpg,0,16,109,40,127,24,18
229_20260830_063033.jpg,0,16,109,39,127,23,18
229_20260830_070530.jpg,3,16,109,39,127,23,18
229_20260830_070530.jpg,0,17,109,39,127,22,18
229_20260830_073531.jpg,0,18,109,39,127,21,18
229_20260830_073531.jpg,3,17,109,39,127,22,18
229_20260830_080531.jpg,0,17,109,39,127,22,18
229_20260830_080531.jpg,3,17,109,39,127,22,18
229_20260830_091031.jpg,0,15,109,39,127,24,18
229_20260830_094030.jpg,0,17,109,39,126,22,17
229_20260830_101031.jpg,0,57,94,75,110,18,16
229_20260830_101031.jpg,0,17,109,39,126,22,17
229_20260830_104030.jpg,0,57,94,76,110,19,16
229_20260830_104030.jpg,0,17,109,39,126,22,17
229_20260830_111031.jpg,0,15,109,38,127,23,18
229_20260830_111031.jpg,0,150,69,156,76,6,7
229_20260830_114031.jpg,0,16,109,39,127,23,18
229_20260830_121031.jpg,0,16,109,39,127,23,18
229_20260830_124031.jpg,0,16,109,39,127,23,18
229_20260830_131031.jpg,0,150,69,155,75,5,6
229_20260830_131031.jpg,0,16,109,39,126,23,17
229_20260830_134031.jpg,0,17,109,39,126,22,17
229_20260830_141031.jpg,0,149,69,155,76,6,7
229_20260830_141031.jpg,0,16,109,39,126,23,17
229_20260830_144031.jpg,3,17,109,39,126,22,17
229_20260830_144031.jpg,0,17,109,39,126,22,17
229_20260830_151031.jpg,0,15,109,39,127,24,18
229_20260830_154036.jpg,0,16,109,39,127,23,18
229_20260830_154036.jpg,0,16,109,39,127,23,18
229_20260830_161034.jpg,0,16,109,39,127,23,18
229_20260830_161034.jpg,0,16,109,39,126,23,17
229_20260830_164034.jpg,0,16,109,39,127,23,18
229_20260830_171534.jpg,0,17,109,39,127,22,18
229_20260830_181533.jpg,0,17,109,40,127,23,18
229_20260830_191531.jpg,0,146,76,160,86,14,10
229_20260830_191531.jpg,1,132,86,137,103,5,17
229_20260830_204531.jpg,0,143,101,163,126,20,25
229_20260831_061030.jpg,0,17,109,39,126,22,17
229_20260831_114031.jpg,1,121,95,127,108,6,13
229_20260831_134031.jpg,0,80,106,102,125,22,19
229_20260831_144036.jpg,0,83,119,95,129,12,10
229_20260831_204031.jpg,0,83,106,101,128,18,22
231_20260825_063529.jpg,0,167,38,174,48,7,10
231_20260825_070529.jpg,1,159,70,166,82,7,12
231_20260825_093530.jpg,0,268,236,350,288,82,52
231_20260825_100528.jpg,0,148,24,155,31,7,7
231_20260825_110528.jpg,0,122,53,134,59,12,6
231_20260825_113531.jpg,0,139,35,145,43,6,8
231_20260825_131031.jpg,0,142,33,148,39,6,6
231_20260825_131031.jpg,0,134,44,140,51,6,7
231_20260825_131031.jpg,0,138,40,143,47,5,7
231_20260825_131031.jpg,0,139,36,145,42,6,6
231_20260825_151031.jpg,0,148,28,153,32,5,4
231_20260825_201030.jpg,0,159,114,189,154,30,40
231_20260825_204029.jpg,0,137,36,159,48,22,12
231_20260826_060528.jpg,0,152,59,162,81,10,22
231_20260826_071032.jpg,0,156,48,164,56,8,8
231_20260826_071032.jpg,0,152,35,158,40,6,5
231_20260826_071032.jpg,0,166,35,174,44,8,9
231_20260826_071032.jpg,0,160,36,165,41,5,5
231_20260826_071032.jpg,0,158,41,165,49,7,8
231_20260826_071032.jpg,0,150,40,156,47,6,7
231_20260826_071032.jpg,0,166,44,174,51,8,7
231_20260826_071032.jpg,0,144,47,155,55,11,8
231_20260826_071032.jpg,0,167,50,175,56,8,6
231_20260826_071032.jpg,0,143,54,151,62,8,8
231_20260826_084028.jpg,1,135,53,138,59,3,6
231_20260826_131529.jpg,0,175,46,185,57,10,11
231_20260826_184529.jpg,0,121,46,128,56,7,10
231_20260826_191529.jpg,1,122,79,129,92,7,13
231_20260827_094028.jpg,0,258,253,324,288,66,35
231_20260827_111029.jpg,0,147,26,153,33,6,7
231_20260827_144029.jpg,0,177,42,185,49,8,7
231_20260827_161029.jpg,0,0,256,18,288,18,32
231_20260827_171029.jpg,0,173,31,179,38,6,7
231_20260827_204031.jpg,0,148,34,151,40,3,6
231_20260828_063528.jpg,0,167,36,173,45,6,9
231_20260828_063528.jpg,0,151,33,158,43,7,10
231_20260828_070528.jpg,0,150,64,162,74,12,10
231_20260828_070528.jpg,0,179,69,193,87,14,18
231_20260828_070528.jpg,0,164,82,176,90,12,8
231_20260828_120629.jpg,0,135,36,146,50,11,14
231_20260828_173529.jpg,0,131,59,140,68,9,9
231_20260828_173529.jpg,0,119,59,131,68,12,9
231_20260828_173529.jpg,1,148,68,155,80,7,12
231_20260828_180547.jpg,0,11,268,48,288,37,20
231_20260829_111530.jpg,0,148,28,153,32,5,4
231_20260829_134529.jpg,0,168,28,172,34,4,6
231_20260829_144529.jpg,0,149,33,154,40,5,7
231_20260829_151531.jpg,0,141,38,146,44,5,6
231_20260829_185029.jpg,1,215,181,244,255,29,74
231_20260830_134529.jpg,0,134,32,148,49,14,17
231_20260830_141529.jpg,1,171,60,174,67,3,7
231_20260830_154531.jpg,1,111,75,116,86,5,11
231_20260830_161534.jpg,0,173,34,180,43,7,9
231_20260830_184529.jpg,0,0,253,27,288,27,35
231_20260830_191529.jpg,0,0,247,24,288,24,41
231_20260831_071028.jpg,1,178,59,184,70,6,11
231_20260831_071028.jpg,1,128,54,131,60,3,6
231_20260831_071028.jpg,0,166,52,176,61,10,9
231_20260831_071028.jpg,0,146,46,154,53,8,7
231_20260831_071028.jpg,0,156,46,164,54,8,8
231_20260831_071028.jpg,0,165,44,175,53,10,9
231_20260831_071028.jpg,0,149,41,154,46,5,5
231_20260831_071028.jpg,0,156,42,163,47,7,5
231_20260831_071028.jpg,0,167,41,175,45,8,4
231_20260831_074028.jpg,0,163,76,177,85,14,9
231_20260831_074028.jpg,1,177,65,184,86,7,21
231_20260831_081528.jpg,0,154,55,162,65,8,10
231_20260831_081528.jpg,0,165,52,174,63,9,11
232_20260825_150529.jpg,0,175,32,179,36,4,4
232_20260825_153531.jpg,6,138,46,148,59,10,13
232_20260825_171031.jpg,1,81,104,94,122,13,18
232_20260825_174031.jpg,1,89,100,100,110,11,10
232_20260825_192029.jpg,0,134,52,146,60,12,8
232_20260825_205029.jpg,0,196,114,217,151,21,37
232_20260826_065039.jpg,1,196,49,200,58,4,9
232_20260826_102529.jpg,1,94,101,101,118,7,17
232_20260826_105535.jpg,1,171,37,173,45,2,8
232_20260826_143529.jpg,1,6,242,16,263,10,21
232_20260826_190529.jpg,1,46,184,60,220,14,36
232_20260826_203529.jpg,1,36,178,53,202,17,24
232_20260827_140029.jpg,1,85,95,99,111,14,16
232_20260827_140029.jpg,1,75,102,85,115,10,13
232_20260827_140029.jpg,0,0,213,8,240,8,27
232_20260827_153029.jpg,1,19,246,41,276,22,30
232_20260827_160029.jpg,3,84,76,109,108,25,32
232_20260827_160029.jpg,0,188,25,192,31,4,6
232_20260827_163029.jpg,3,84,76,108,114,24,38
232_20260827_200029.jpg,1,19,196,34,227,15,31
232_20260827_200029.jpg,1,45,167,55,193,10,26
232_20260828_072528.jpg,1,80,104,93,121,13,17
232_20260828_180029.jpg,1,97,99,109,114,12,15
232_20260828_183029.jpg,3,0,181,45,287,45,106
232_20260828_190031.jpg,3,1,180,46,286,45,106
232_20260829_083029.jpg,1,118,103,125,122,7,19
232_20260829_170030.jpg,1,62,172,75,198,13,26
232_20260831_110028.jpg,3,204,43,212,59,8,16
244_20260825_081000.jpg,0,163,95,178,110,15,15
244_20260825_101000.jpg,1,189,261,211,288,22,27
244_20260825_101000.jpg,0,100,282,128,288,28,6
244_20260825_144000.jpg,0,65,102,81,117,16,15
244_20260825_154000.jpg,1,75,59,85,71,10,12
244_20260825_161000.jpg,0,164,94,179,110,15,16
244_20260825_191001.jpg,0,162,146,187,190,25,44
244_20260825_194001.jpg,0,44,90,64,110,20,20
244_20260825_204001.jpg,4,68,66,80,84,12,18
244_20260826_072000.jpg,0,164,98,180,113,16,15
244_20260826_102000.jpg,0,61,64,85,82,24,18
244_20260826_115000.jpg,1,0,184,9,207,9,23
244_20260826_152000.jpg,0,36,101,50,118,14,17
244_20260826_155000.jpg,0,163,62,180,82,17,20
244_20260826_162000.jpg,0,48,86,66,104,18,18
244_20260826_165000.jpg,0,55,77,81,97,26,20
244_20260826_175001.jpg,0,170,28,177,37,7,9
244_20260826_182001.jpg,0,42,88,62,113,20,25
244_20260826_185001.jpg,0,60,73,76,89,16,16
244_20260826_185001.jpg,4,78,70,97,87,19,17
244_20260826_192001.jpg,0,168,100,183,110,15,10
244_20260827_094500.jpg,3,68,58,90,93,22,35
244_20260827_101500.jpg,3,26,75,68,122,42,47
244_20260827_171501.jpg,2,62,52,91,79,29,27
244_20260827_181501.jpg,0,55,74,74,98,19,24
244_20260827_184501.jpg,1,160,46,165,61,5,15
244_20260827_201501.jpg,1,60,70,69,87,9,17
244_20260828_104500.jpg,3,44,76,68,108,24,32
244_20260828_134500.jpg,0,0,200,14,251,14,51
244_20260828_144500.jpg,0,76,59,90,77,14,18
244_20260828_144500.jpg,1,79,69,86,80,7,11
244_20260828_164500.jpg,3,64,60,84,85,20,25
244_20260828_174501.jpg,4,71,62,79,82,8,20
244_20260828_184501.jpg,4,9,128,29,153,20,25
244_20260828_192001.jpg,1,160,264,175,288,15,24
244_20260828_195001.jpg,0,164,44,181,66,17,22
244_20260829_101500.jpg,0,157,15,163,19,6,4
244_20260829_114500.jpg,0,0,167,22,199,22,32
244_20260829_124500.jpg,1,53,96,61,110,8,14
244_20260829_134500.jpg,0,0,228,13,277,13,49
244_20260829_172001.jpg,0,83,77,93,94,10,17
244_20260829_172001.jpg,1,42,95,51,109,9,14
244_20260829_172001.jpg,1,50,98,60,110,10,12
244_20260829_172001.jpg,0,61,69,81,82,20,13
244_20260829_182001.jpg,0,64,69,77,87,13,18
244_20260829_202001.jpg,0,63,76,80,91,17,15
244_20260829_205001.jpg,0,72,75,84,94,12,19
244_20260830_134500.jpg,0,75,66,89,82,14,16
244_20260830_154500.jpg,1,55,104,64,123,9,19
244_20260830_161500.jpg,1,86,74,90,83,4,9
244_20260830_181501.jpg,1,73,62,79,77,6,15
244_20260830_184501.jpg,0,78,79,91,100,13,21
244_20260830_184501.jpg,4,166,103,180,139,14,36
244_20260830_204501.jpg,1,30,121,40,139,10,18
244_20260830_204501.jpg,1,49,123,58,141,9,18
244_20260831_124000.jpg,0,46,103,66,128,20,25
244_20260831_134000.jpg,3,33,89,58,117,25,28
244_20260831_194001.jpg,0,73,60,90,77,17,17
244_20260831_201001.jpg,0,77,81,92,103,15,22
244_20260831_201001.jpg,0,0,147,20,188,20,41
